p_code,p_name,p_day,rev_25,hc_25,rev_26,hc_26,rev_diff,rev_pct,status,pday_bucket
21560,"<span style=""color:#1E90FF;""><strong>[LA출발]</strong></span>요세미티+타이오가패스 2박3일",3,0.0,0.0,998.0,2.0,998.0,100.0,신규(올해만),2~3박
22000,"<span style=""color:#1E90FF;""><strong>[LA출발]</strong></span>로스앤젤레스 시내관광",1,3225.0,31.0,1032.0,7.0,-2193.0,-68.0,동시운영,당일
22001,"<span style=""color:#1E90FF;""><strong>[LA출발]</strong></span> 샌디에고 일일투어",1,1592.0,8.0,995.0,5.0,-597.0,-37.5,동시운영,당일
22220,"<span style=""color:#1E90FF;""><strong>[LA출발]</strong></span> 그랜드캐년 라스베가스 2박3일 - 화출발",3,6875.0,15.0,0.0,0.0,-6875.0,-100.0,단종(작년만),2~3박
22220,"<span style=""color:#1E90FF;""><strong>[LA출발]</strong></span> 라스베가스+그랜드캐년 2박3일 - 화요일 출발",3,22530.0,49.0,32503.0,65.0,9973.0,44.26542387927208,동시운영,2~3박
22221,"<span style=""color:#014099;""><strong>[전지역출발]</strong></span>신 옐로스톤 2박3일",3,10051.73,9.0,15986.619999999999,19.0,5934.889999999999,59.043468139315316,동시운영,2~3박
22330,"<span style=""color:#1E90FF;""><strong>[LA출발]</strong></span> 4대캐년 3박4일 - 화요일 출발",4,82032.6,127.0,60509.2,84.0,-21523.40000000001,-26.23761772758636,동시운영,2~3박
22331,"<span style=""color:#1E90FF;""><strong>[LA출발]</strong></span> 샌프란시스코(요세미티) 3박4일-B 토요일 출발",4,10055.0,15.0,15223.74,22.0,5168.74,51.40467429139731,동시운영,2~3박
22332,"<span style=""color:#1E90FF;""><strong>[LA출발]</strong></span> 요세미티+샌프란시스코 3박4일 - 금요일 출발",4,16043.0,25.0,7799.0,11.0,-8244.0,-51.386897712397925,동시운영,2~3박
22333,"<span style=""color:#B8860B;""><strong>[타지역출발]</strong></span> 4대캐년 4박 5일 - 월요일 출발",5,28687.8,32.0,41707.229999999996,47.0,13019.429999999997,45.3831593917972,동시운영,4박+
22333,"<span style=""color:#B8860B;""><strong>[타지역출발]</strong></span> 4대캐년 5일 - 월요일 출발",5,7530.0,10.0,0.0,0.0,-7530.0,-100.0,단종(작년만),4박+
22338,"<span style=""color:#B8860B;""><strong>[타지역출발]</strong></span> 라스베가스+그랜드캐년 3박 4일 - 월요일 출발",4,10215.8,13.0,12338.0,19.0,2122.2000000000007,20.773703478924812,동시운영,2~3박
22440,"<span style=""color:#1E90FF;""><strong>[LA출발]</strong></span> 미서부 7대캐년+세도나 4박5일",5,73985.97,88.0,27658.0,32.0,-46327.97,-62.617236754481965,동시운영,4박+
22441,"<span style=""color:#B8860B;""><strong>[타지역출발]</strong></span> 7대캐년+세도나 5박 6일 - 일요일 출발",6,42269.65,39.0,9207.59,7.0,-33062.06,-78.21701859371912,동시운영,4박+
22441,"<span style=""color:#B8860B;""><strong>[타지역출발]</strong></span> 미서부 7대 캐년+세도나 5박6일",6,6471.94,5.0,0.0,0.0,-6471.94,-100.0,단종(작년만),4박+
22442,"<span style=""color:#B8860B;""><strong>[타지역출발]</strong></span> 요세미티+샌프란시스코 4박5일 - 목요일 출발",5,5073.0,7.0,1618.0,2.0,-3455.0,-68.1056574019318,동시운영,4박+
22443,"<span style=""color:#B8860B;""><strong>[타지역출발]</strong></span> 샌프란시스코+요세미티 4박5일 - 금요일 출발",5,14537.79,13.0,10462.3,12.0,-4075.4900000000016,-28.033765792462273,동시운영,4박+
22550,"<span style=""color:#1E90FF;""><strong>[LA출발]</strong></span> 미서부 실속 5박6일 - 토출발",6,21136.2,21.0,33801.4,31.0,12665.2,59.92184025510735,동시운영,4박+
22660,"<span style=""color:#1E90FF;""><strong>[LA출발]</strong></span> 4대캐년/샌프란시스코(요세미티)-B 6박7일(토요일 출발)",7,45590.2,40.0,25716.83,22.0,-19873.369999999995,-43.591320064399795,동시운영,4박+
22661,"<span style=""color:#1E90FF;""><strong>[LA출발]</strong></span> 4대캐년/샌프란시스코(요세미티)-A 6박7일(화요일 출발)",7,38169.0,33.0,12224.0,10.0,-25945.0,-67.97401032251304,동시운영,4박+
22662,"<span style=""color:#B8860B;""><strong>[타지역출발]</strong></span> 미서부 실속 6박7일 - 금요일 출발",7,13324.0,14.0,49062.06,33.0,35738.06,268.22320624437106,동시운영,4박+
22662,"<span style=""color:#B8860B;""><strong>[타지역출발]</strong></span> 미서부 실속 7일 - 금요일 출발",7,11172.22,9.0,0.0,0.0,-11172.22,-100.0,단종(작년만),4박+
22770,"<span style=""color:#1E90FF;""><strong>[LA출발]</strong></span> 7대캐년 세도나 + 샌프란시스코 요세미티 7박8일",8,38338.2,26.0,7490.2,5.0,-30847.999999999996,-80.46282819746362,동시운영,4박+
22771,"<span style=""color:#B8860B;""><strong>[타지역출발]</strong></span> 4대캐년+샌프란시스코  7박8일 - 월요일 출발",8,64266.42,48.0,49115.77,38.0,-15150.650000000001,-23.574753347082353,동시운영,4박+
22771,"<span style=""color:#B8860B;""><strong>[타지역출발]</strong></span> 4대캐년+샌프란시스코(요세미티)-8일 A 월요일 출발",8,5573.0,5.0,0.0,0.0,-5573.0,-100.0,단종(작년만),4박+
22772,"<span style=""color:#B8860B;""><strong>[타지역출발]</strong></span> 4대캐년+샌프란시스코 7박8일 - 금요일 출발",8,32767.96,24.0,46454.29,38.0,13686.330000000002,41.76741548756774,동시운영,4박+
22772,"<span style=""color:#B8860B;""><strong>[타지역출발]</strong></span> 4대캐년+샌프란시스코(요세미티)-8일 B 금요일 출발",8,9015.0,8.0,0.0,0.0,-9015.0,-100.0,단종(작년만),4박+
33000,"<span style=""color:#DF0174;""><strong>[LAS출발]</strong></span> 앤텔롭캐년 & 홀스슈밴드 당일여행",1,0.0,0.0,2409.0,11.0,2409.0,100.0,신규(올해만),당일
33110,"<span style=""color:#DF0174;""><strong>[LAS출발]</strong></span> 4대캐년 1박2일(LAS IN/OUT)",2,8450.0,20.0,7413.0,17.0,-1037.0,-12.272189349112427,동시운영,1박
33211,"<span style=""color:#B8860B;""><strong>[타지역출발]</strong></span> 4대캐년 2박3일(라스베가스 IN/OUT)",3,5221.46,6.0,1398.0,2.0,-3823.46,-73.22587935175218,동시운영,2~3박
33211,"<span style=""color:#DF0174;""><strong>[LAS출발]</strong></span> 4대캐년 2박3일(LAS IN/OUT)",3,0.0,0.0,5205.37,5.0,5205.37,100.0,신규(올해만),2~3박
33330,"<span style=""color:#B8860B;""><strong>[타지역출발]</strong></span>7대캐년+세도나 3박4일(라스베가스 IN/OUT)",4,23437.79,25.0,0.0,0.0,-23437.79,-100.0,단종(작년만),2~3박
33330,"<span style=""color:#DF0174;""><strong>[LAS출발]</strong></span>7대캐년+세도나 3박4일(LAS IN/OUT)",4,0.0,0.0,5094.0,6.0,5094.0,100.0,신규(올해만),2~3박
91512,코스타리카 골프 5박6일,6,8510.92,4.0,0.0,0.0,-8510.92,-100.0,단종(작년만),4박+
91515,"<span style=""color:#014099;""><strong>[전지역출발]</strong></span>코스타리카 5박7일",7,84793.51000000001,47.0,7552.52,4.0,-77240.99,-91.09304473891928,동시운영,4박+
91534,"<span style=""color:#014099;""><strong>[전지역출발]</strong></span> [잉카문명의 중심] 페루 7일",7,61784.32000000001,23.0,13185.259999999998,4.0,-48599.06000000001,-78.6592132113779,동시운영,4박+
91602,"<span style=""color:#014099;""><strong>[전지역출발]</strong></span> 올랜도 2박3일",3,2293.94,2.0,0.0,0.0,-2293.94,-100.0,단종(작년만),2~3박
91604,"<span style=""color:#014099;""><strong>[전지역출발]</strong></span> 올랜도 4박5일",5,0.0,0.0,7064.0,4.0,7064.0,100.0,신규(올해만),4박+
91613," <span style=""color:#014099;""><strong>[전지역출발]</strong></span> 마이애미 3박4일",4,22105.54,20.0,0.0,0.0,-22105.54,-100.0,단종(작년만),2~3박
INC1111,"<span style=""color:#5d52da;""><strong>[인센티브]</strong></span>[서부] 온라인 홈쇼핑 단독 PTY - 금출발",9,369448.0,313.0,360352.0,334.0,-9096.0,-2.4620514930382624,동시운영,4박+
INC1113,"<span style=""color:#1E90FF;""><strong>[LA출발]</strong></span>멕시코 크루즈 7박8일",8,0.0,0.0,3578.42,2.0,3578.42,100.0,신규(올해만),4박+
INC1144,"<span style=""color:#5d52da;""><strong>[인센티브]</strong></span>[서부]온라인 홈쇼핑 단독 PTY - 월출발",10,128779.0,88.0,0.0,19.0,-128779.0,-100.0,단종(작년만),4박+
INC1218,"<span style=""color:#5d52da;""><strong>[인센티브]</strong></span>미서부 호텔 ONLY",1,4332.46,11.0,0.0,0.0,-4332.46,-100.0,단종(작년만),당일
INC1265,"<span style=""color:#5d52da;""><strong>[인센티브]</strong></span>KOREA TOUR 9DAY",9,6676.0,4.0,0.0,0.0,-6676.0,-100.0,단종(작년만),4박+
INC1716,"<span style=""color:#5d52da;""><strong>[인센티브]</strong></span>[동부]2024한진관광단독-리틀프랑스 미동캐 8박 10일",9,54630.0,19.0,0.0,0.0,-54630.0,-100.0,단종(작년만),4박+
INC1737,"<span style=""color:#5d52da;""><strong>[인센티브]</strong></span>[서부]  25-0106 대구아메리카 원주관 개관식 ",5,0.0,22.0,0.0,0.0,0.0,0.0,동시운영,4박+
INC1939,"<span style=""color:#5d52da;""><strong>[인센티브]</strong></span>[서부] 25-0106 대구아메리카 CES 한국 생산성본부 EXCALIBUR ",6,0.0,14.0,0.0,0.0,0.0,0.0,동시운영,4박+
INC1962,"<span style=""color:#5d52da;""><strong>[인센티브]</strong></span>[서부]25-0116 미투어 경남고 ",9,0.0,13.0,0.0,0.0,0.0,0.0,동시운영,4박+
INC1971,"<span style=""color:#5d52da;""><strong>[인센티브]</strong></span>[서부] CES 25-0107 현대글로비스",4,7426.13,1.0,0.0,0.0,-7426.13,-100.0,단종(작년만),2~3박
INC1984,"<span style=""color:#5d52da;""><strong>[인센티브]</strong></span>[서부] 2025 경기여고 포틀랜드/시애틀 07/22 4박5일",5,3170.0,2.0,0.0,0.0,-3170.0,-100.0,단종(작년만),4박+
INC1985,"<span style=""color:#5d52da;""><strong>[인센티브]</strong></span>[서부] 2025 경기여고 포틀랜드/시애틀 07/22 3박4일",4,1445.0,1.0,0.0,0.0,-1445.0,-100.0,단종(작년만),2~3박
INC1993,"<span style=""color:#5d52da;""><strong>[인센티브]</strong></span>[서부] 25-0106 CES 도로공사",6,0.0,3.0,0.0,0.0,0.0,0.0,동시운영,4박+
INC1995,"<span style=""color:#5d52da;""><strong>[인센티브]</strong></span>[서부]25-0105 SK 기자단",25,0.0,36.0,0.0,0.0,0.0,0.0,동시운영,4박+
INC1998,"<span style=""color:#5d52da;""><strong>[인센티브]</strong></span>[서부] 25-0117 미서부 7박9일 단독 PTY",9,0.0,4.0,0.0,0.0,0.0,0.0,동시운영,4박+
INC2002,"<span style=""color:#5d52da;""><strong>[인센티브]</strong></span>[서부] 25-0105 라스투어 / CES HTL ONLY ",7,8006.01,1.0,0.0,0.0,-8006.01,-100.0,단종(작년만),4박+
INC2004,"<span style=""color:#1E90FF;""><strong>[LA출발]</strong></span>[서부] 25-0106 코스타리카 + 칸쿤 9박10일 단독 ",10,31004.24,8.0,0.0,0.0,-31004.24,-100.0,단종(작년만),4박+
INC2008,"<span style=""color:#5d52da;""><strong>[인센티브]</strong></span>[서부] CES 25-0105 인터파크 제주대  A팀",7,0.0,17.0,0.0,0.0,0.0,0.0,동시운영,4박+
INC2009,"<span style=""color:#5d52da;""><strong>[인센티브]</strong></span>[서부] 25-0106 대구아메리카 한국생산성본부 VIP 의전 ",5,0.0,3.0,0.0,0.0,0.0,0.0,동시운영,4박+
INC2015,"<span style=""color:#5d52da;""><strong>[인센티브]</strong></span>[서부] CES 25-0106 롯데 신부사장 ",2,0.0,3.0,0.0,0.0,0.0,0.0,동시운영,1박
INC2016,"<span style=""color:#5d52da;""><strong>[인센티브]</strong></span>[서부] CES 25-0106 인터파크 제주다 B팀 ",7,0.0,9.0,0.0,0.0,0.0,0.0,동시운영,4박+
INC2017,"<span style=""color:#5d52da;""><strong>[인센티브]</strong></span>[서부] CES 25-0105 SK 기자단 임원 ",5,0.0,3.0,0.0,0.0,0.0,0.0,동시운영,4박+
INC2018,"<span style=""color:#1E90FF;""><strong>[LA출발]</strong></span>[서부] 25-0106 ces - KB 인원 PTY",5,0.0,1.0,0.0,0.0,0.0,0.0,동시운영,4박+
INC2019,"<span style=""color:#1E90FF;""><strong>[LA출발]</strong></span>[서부] 25-0512 포토앤비디오 - AMERICA THE BEAUTIFUL 6일 단독",6,35470.0,16.0,0.0,0.0,-35470.0,-100.0,단종(작년만),4박+
INC2021,"<span style=""color:#1E90FF;""><strong>[LA출발]</strong></span>[서부] 25-0517 이윤주 단독 - 시애틀 1박2일 ",2,5552.0,6.0,0.0,0.0,-5552.0,-100.0,단종(작년만),1박
INC2023,"<span style=""color:#5d52da;""><strong>[인센티브]</strong></span> [동부] 0315 IVY ELITE TOUR",6,43150.0,38.0,0.0,0.0,-43150.0,-100.0,단종(작년만),4박+
INC2036,"<span style=""color:#5d52da;""><strong>[인센티브]</strong></span>[서부] 25-0122 인터파크 NBA 농구 ",6,0.0,28.0,0.0,0.0,0.0,0.0,동시운영,4박+
INC2051,"<span style=""color:#5d52da;""><strong>[인센티브]</strong></span> [동부] 0123 로고스교회뉴욕시내관광",1,1940.0,6.0,0.0,0.0,-1940.0,-100.0,단종(작년만),당일
INC2058,"<span style=""color:#5d52da;""><strong>[인센티브]</strong></span>[서부] 25-0107 투어비스 쇼티켓 16장 ",2,5900.0,3.0,0.0,0.0,-5900.0,-100.0,단종(작년만),1박
INC2061,"<span style=""color:#5d52da;""><strong>[인센티브]</strong></span>0329 로마 3박4일",4,13494.42,6.0,0.0,0.0,-13494.42,-100.0,단종(작년만),2~3박
INC2063,"<span style=""color:#5d52da;""><strong>[LAS VEGAS SHOW TICKET]</strong></span> 입장권 ",1,23514.48,21.0,240.0,2.0,-23274.48,-98.97935229696766,동시운영,당일
INC2066,"<span style=""color:#5d52da;""><strong>[인센티브]</strong></span>[서부]25-0125 롯데관광 남미 트랜스퍼",3,0.0,14.0,0.0,0.0,0.0,0.0,동시운영,2~3박
INC2070,"<span style=""color:#5d52da;""><strong>[인센티브]</strong></span>[서부] 25-0321 SBDC - VIETNAM TRAVEL MISSION",10,136415.28,16.0,0.0,0.0,-136415.28,-100.0,단종(작년만),4박+
INC2073,"<span style=""color:#5d52da;""><strong>[인센티브]</strong></span>[서부] 25-0220 대구아메리카 서울예고",4,0.0,30.0,0.0,0.0,0.0,0.0,동시운영,2~3박
INC2076,"<span style=""color:#5d52da;""><strong>[인센티브]</strong></span>[서부] 25-0316 대구아메리카 NVDIA 컨벤션 ",6,0.0,1.0,0.0,0.0,0.0,0.0,동시운영,4박+
INC2078,"<span style=""color:#5d52da;""><strong>[인센티브]</strong></span>[서부]25-0219 롯데 JTB LA 계열사 ",3,0.0,1.0,0.0,0.0,0.0,0.0,동시운영,2~3박
INC2085,"<span style=""color:#5d52da;""><strong>[인센티브]</strong></span>[서부] 25-0226  & 25-0303 단독 엘에이 일정 PTY",2,2700.0,2.0,0.0,0.0,-2700.0,-100.0,단종(작년만),1박
INC2109,"<span style=""color:#5d52da;""><strong>[인센티브]</strong></span>[서부] 25-0503 여우투어 ",5,0.0,4.0,0.0,0.0,0.0,0.0,동시운영,4박+
INC2114,"<span style=""color:#5d52da;""><strong>[인센티브]</strong></span>[서부]25-0413 대구포커스 휴스톤 로봇 대회 ",8,0.0,26.0,0.0,0.0,0.0,0.0,동시운영,4박+
INC2117,"<span style=""color:#5d52da;""><strong>[인센티브]</strong></span>[서부] 25-0415 샤론항공 답사 ",5,0.0,3.0,0.0,0.0,0.0,0.0,동시운영,4박+
INC2122,"<span style=""color:#5d52da;""><strong>[인센티브]</strong></span>[서부] 25-0420 롯데 JTB 샌프란시스코",5,0.0,12.0,0.0,0.0,0.0,0.0,동시운영,4박+
INC2123,"<span style=""color:#5d52da;""><strong>[인센티브]</strong></span>[서부] 0412 OC 장로협회 당일관광",1,3840.0,32.0,0.0,0.0,-3840.0,-100.0,단종(작년만),당일
INC2126,"<span style=""color:#5d52da;""><strong>[인센티브]</strong></span>[서부] 25-0418 대구아메리카 부산 소마고 답사팀 ",5,0.0,2.0,0.0,0.0,0.0,0.0,동시운영,4박+
INC2127,"<span style=""color:#5d52da;""><strong>[인센티브]</strong></span>[서부] 25-0522 대구아메리카 부산 소마고",8,0.0,70.0,0.0,0.0,0.0,0.0,동시운영,4박+
INC2129,"<span style=""color:#5d52da;""><strong>[인센티브]</strong></span>[서부] 25-0409 코트라 - 비즈니스 사절단 PTY",4,3000.0,1.0,0.0,0.0,-3000.0,-100.0,단종(작년만),2~3박
INC2293,"<span style=""color:#5d52da;""><strong>[인센티브]</strong></span>[동부] 0320 한진 임윤찬",24,0.0,0.0,50.0,12.0,50.0,100.0,신규(올해만),4박+
INC2343,"<span style=""color:#5d52da;""><strong>[인센티브]</strong></span> [동부] 03152026 Ivy League 단독",7,0.0,0.0,37800.0,22.0,37800.0,100.0,신규(올해만),4박+
INC2361,"<span style=""color:#5d52da;""><strong>[인센티브]</strong></span> [동부] 0105 엔투어 CES",2,0.0,0.0,0.0,3.0,0.0,0.0,동시운영,1박
INC2365,"<span style=""color:#1E90FF;""><strong>[LA출발]</strong></span>[서부] 26-0529롯데관광 / 시애틀 단독 + 알래스카 크루즈 8박9일",9,0.0,0.0,41683.0,11.0,41683.0,100.0,신규(올해만),4박+
INC2366,"<span style=""color:#5d52da;""><strong>[인센티브]</strong></span>0117 IAPMT 아이비리그 투어 5박6일",6,0.0,0.0,25430.0,22.0,25430.0,100.0,신규(올해만),4박+
INC2368,"<span style=""color:#5d52da;""><strong>[인센티브]</strong></span> [동부] 0107 롯데 물산",3,0.0,0.0,0.0,3.0,0.0,0.0,동시운영,2~3박
INC2372,"<span style=""color:#5d52da;""><strong>[인센티브]</strong></span>[서부] 26-0202 대구아메리카 경상대 항공우주 ",5,0.0,0.0,0.0,50.0,0.0,0.0,동시운영,4박+
INC2374,"<span style=""color:#5d52da;""><strong>[인센티브]</strong></span>260201 나눔투어 오번대 연수",13,0.0,0.0,0.0,10.0,0.0,0.0,동시운영,4박+
INC2376,"<span style=""color:#5d52da;""><strong>[인센티브]</strong></span>[서부] 포토 앤 비디오 단독 워싱턴 오레건주 5박6일",6,0.0,0.0,67723.0,28.0,67723.0,100.0,신규(올해만),4박+
INC2379,"<span style=""color:#5d52da;""><strong>[인센티브]</strong></span> 260210 앳홈트립",6,0.0,0.0,0.0,51.0,0.0,0.0,동시운영,4박+
INC2381,"<span style=""color:#5d52da;""><strong>[인센티브]</strong></span>[서부] 26-0126 롯데 GRS ",6,0.0,0.0,0.0,6.0,0.0,0.0,동시운영,4박+
INC2384,"<span style=""color:#5d52da;""><strong>[인센티브]</strong></span>[동부] 260214 미동서 가족여행 (이주호)",5,0.0,0.0,20432.0,5.0,20432.0,100.0,신규(올해만),4박+
INC2385,"<span style=""color:#5d52da;""><strong>[인센티브]</strong></span>[서부]  260218 미동서 가족여행 (이주호)",7,0.0,0.0,0.0,5.0,0.0,0.0,동시운영,4박+
INC2391,"<span style=""color:#5d52da;""><strong>[인센티브]</strong></span>[서부] 26-0211 도로공사 차량/가이드 ",3,0.0,0.0,6000.0,6.0,6000.0,100.0,신규(올해만),2~3박
INC2396,"<span style=""color:#5d52da;""><strong>[인센티브]</strong></span>[서부] 26-0511 타이드 스퀘어 유니시티 ",5,0.0,0.0,0.0,48.0,0.0,0.0,동시운영,4박+
INC2397,"<span style=""color:#5d52da;""><strong>[인센티브]</strong></span>[서부] 26-0621 지엠컴 ",5,0.0,0.0,0.0,15.0,0.0,0.0,동시운영,4박+
INC2403,"<span style=""color:#5d52da;""><strong>[인센티브]</strong></span>[서부] 26-0318 캘리포니아 성지순례 ",5,0.0,0.0,20540.0,14.0,20540.0,100.0,신규(올해만),4박+
INC2404,"<span style=""color:#5d52da;""><strong>[인센티브]</strong></span>[서부] 26-0307 대구아메리카 미서부 도시계획 ",6,0.0,0.0,0.0,13.0,0.0,0.0,동시운영,4박+
INC2405,"<span style=""color:#5d52da;""><strong>[인센티브]</strong></span>[서부] 26-0511 롯데 GRS ",5,0.0,0.0,0.0,39.0,0.0,0.0,동시운영,4박+
INC2406,"<span style=""color:#5d52da;""><strong>[인센티브]</strong></span>[서부] 26-0315 대구아메리카 NVIDIA ",6,0.0,0.0,0.0,19.0,0.0,0.0,동시운영,4박+
INC2409,"<span style=""color:#5d52da;""><strong>[인센티브]</strong></span>[서부] 26-0309 문재인 전 대통령 요세미티 ",2,0.0,0.0,0.0,10.0,0.0,0.0,동시운영,1박
INC2413,"<span style=""color:#5d52da;""><strong>[인센티브]</strong></span>[서부]  26-0330  지엠컴 답사 ",4,0.0,0.0,0.0,3.0,0.0,0.0,동시운영,2~3박
INC2416,"<span style=""color:#5d52da;""><strong>[인센티브]</strong></span>[서부] 26-0413 롯데JTB 삼성생명 ",8,0.0,0.0,0.0,15.0,0.0,0.0,동시운영,4박+
INC2425,"<span style=""color:#5d52da;""><strong>[인센티브]</strong></span>미서부 인센 단독",5,0.0,0.0,15610.0,7.0,15610.0,100.0,신규(올해만),4박+
INC2426,"<span style=""color:#1E90FF;""><strong>[LA출발]</strong></span>[서부] 26-0717 샤론항공 / 영동교육청 PTY",8,0.0,0.0,0.0,1.0,0.0,0.0,동시운영,4박+
INC2427,"<span style=""color:#5d52da;""><strong>[인센티브]</strong></span>[서부]26-0521 강선경 가족 PTY",9,0.0,0.0,0.0,14.0,0.0,0.0,동시운영,4박+
INC2428,"<span style=""color:#5d52da;""><strong>[인센티브]</strong></span>[서부]26-0514 라스투어 / 어린이집 PTY",10,0.0,0.0,0.0,1.0,0.0,0.0,동시운영,4박+
INC2437,"<span style=""color:#5d52da;""><strong>[인센티브]</strong></span>[서부] 26-0421 샤론항공 / 영동교육청 답사팀 ",7,0.0,0.0,0.0,3.0,0.0,0.0,동시운영,4박+
INC2439,"<span style=""color:#5d52da;""><strong>[인센티브]</strong></span>[서부]26-0501 한진법인 / 티머니 - 라스베가스 온니",8,0.0,0.0,0.0,4.0,0.0,0.0,동시운영,4박+
INC2444,"<span style=""color:#5d52da;""><strong>[인센티브]</strong></span>[서부]26-0327 알함브라 고등학교 / 모국관광 PTY",10,0.0,0.0,7848.0,1.0,7848.0,100.0,신규(올해만),4박+
INC2455,"<span style=""color:#5d52da;""><strong>[인센티브]</strong></span>[동부] 0415 충청남도 교육감",4,0.0,0.0,8871.0,6.0,8871.0,100.0,신규(올해만),2~3박
INC2468,"<span style=""color:#5d52da;""><strong>[인센티브]</strong></span>[서부]26-0604 투싼 교육청 / 모국행사 ",3,0.0,0.0,92523.0,1.0,92523.0,100.0,신규(올해만),2~3박
NJ1N,내려와서 NJ HOTEL (1박),2,0.0,0.0,0.0,3.0,0.0,0.0,동시운영,1박
NJ2N,내려와서 NJ HOTEL (2박),3,0.0,2.0,0.0,0.0,0.0,0.0,동시운영,2~3박
OUT1011,"<span style=""color:#1fc3c5;""><strong>[달라스출발]</strong></span> 다양한 색깔의 아프리카 그리고 두바이 16일",16,0.0,0.0,54669.89,5.0,54669.89,100.0,신규(올해만),4박+
OUT1013,"<span style=""color:#014099;""><strong>[전지역출발]</strong></span> 다양한 색깔의 아프리카 그리고 두바이 16일",16,72120.85,5.0,80429.61,7.0,8308.759999999995,11.520607424898618,동시운영,4박+
OUT1038,"<span style=""color:#1fc3c5;""><strong>[달라스출발]</strong></span>[중미의 진주] 코스타리카 5박6일",6,10204.58,4.0,0.0,0.0,-10204.58,-100.0,단종(작년만),4박+
OUT1108,"<span style=""color:#014099;""><strong>[전지역출발]</strong></span>[발걸음이 이끄는 그곳] 스페인·포르투갈·모로코 11일",11,6198.0,2.0,101355.14,27.0,95157.14,1535.2878347854146,동시운영,4박+
OUT1123,"<span style=""color:#014099;""><strong>[전지역출발]</strong></span> [중간항공 1회/산토리니 1박/크레타섬 1박/월드체인 2박 포함][지중해를 품은] 그리스 일주 9일",9,0.0,0.0,5980.0,2.0,5980.0,100.0,신규(올해만),4박+
OUT1136,"<span style=""color:#014099;""><strong>[전지역출발]</strong></span> [사막위의 기적] 두바이+아부다비 6일",6,0.0,0.0,33177.380000000005,8.0,33177.380000000005,100.0,신규(올해만),4박+
OUT1138,"<span style=""color:#014099;""><strong>[전지역출발]</strong></span>GC녹십자 - I-MED 대표검진 종합검진 A형",1,2800.0,4.0,0.0,0.0,-2800.0,-100.0,단종(작년만),당일
OUT1139,"<span style=""color:#014099;""><strong>[전지역출발]</strong></span>GC녹십자 - I-MED 대표검진 종합검진 B형",1,3600.0,4.0,0.0,0.0,-3600.0,-100.0,단종(작년만),당일
OUT1146,"<span style=""color:#014099;""><strong>[전지역출발]</strong></span>2024 동계 프리미엄 글레이셔 밴쿠버+록키 4박5일 (밴쿠버 IN/OUT 2024년11월18일~2025년4월19일까지)",5,3600.0,2.0,0.0,0.0,-3600.0,-100.0,단종(작년만),4박+
OUT1146,"<span style=""color:#014099;""><strong>[전지역출발]</strong></span>동계 밴쿠버+록키 4박5일 (밴쿠버 IN/OUT  10/13/2025~04/19/2026 월금)",5,0.0,0.0,2198.0,2.0,2198.0,100.0,신규(올해만),4박+
OUT1216,"<span style=""color:#a800ff;""><strong>[인트라넷 only]</strong></span>크루즈",10,74190.65,108.0,17575.760000000002,14.0,-56614.88999999999,-76.31000671917553,동시운영,4박+
OUT1255,"<span style=""color:#a800ff;""><strong>[인트라넷 only]</strong></span>바하마 크루즈 7박 8일",8,0.0,0.0,3673.2,4.0,3673.2,100.0,신규(올해만),4박+
OUT1336,"<span style=""color:#014099;""><strong>[전지역출발]</strong></span>안동병원 및  UNESCO등재 한국문화탐방 헬스투어 2박3일 - 기본검진",3,699.0,1.0,0.0,0.0,-699.0,-100.0,단종(작년만),2~3박
OUT1377,"<span style=""color:#014099;""><strong>[전지역출발]</strong></span> 2025 [터키항공 직항] 튀르키예(터키) 완전일주 10일",10,39085.42,18.0,3689.87,1.0,-35395.549999999996,-90.5594720486565,동시운영,4박+
OUT1377,"<span style=""color:#014099;""><strong>[전지역출발]</strong></span> [터키항공 직항] 2026 튀르키예(터키) 완전일주 10일",10,0.0,0.0,54754.759999999995,21.0,54754.759999999995,100.0,신규(올해만),4박+
OUT1394,"<span style=""color:#014099;""><strong>[전지역출발]</strong></span> 남미 2개국_아르헨티나&브라질(이과수,리오) 4박7일",7,41803.66,12.0,0.0,0.0,-41803.66,-100.0,단종(작년만),4박+
OUT1396,"<span style=""color:#014099;""><strong>[전지역출발]</strong></span> 정열의 나라 남미대표 3개국_페루&아르헨티나&브라질 12일",12,106771.54,19.0,0.0,0.0,-106771.54,-100.0,단종(작년만),4박+
OUT1517,"<span style=""color:#014099;""><strong>[전지역출발]</strong></span> [동남아 어드벤쳐]베트남에서 시작되어 방콕과 싱가포르로 이어지는 환상적인 8박 11일",11,0.0,0.0,34864.06,13.0,34864.06,100.0,신규(올해만),4박+
OUT1517,"<span style=""color:#1E90FF;""><strong>[LA출발]</strong></span> [동남아 어드벤쳐]베트남에서 시작되어 방콕과 싱가포르로 이어지는 환상적인 9박 11일",11,16374.0,4.0,0.0,0.0,-16374.0,-100.0,단종(작년만),4박+
OUT1518,[항공권] 에어프레미아,1,190695.19,128.0,203178.46,151.0,12483.26999999999,6.546190284086342,동시운영,당일
OUT1519,[항공권] 국제선/국내선 DL 항공,1,197070.56,138.0,144178.77,91.0,-52891.79000000001,-26.839011367299108,동시운영,당일
OUT1520,"<span style=""color:#014099;""><strong>[전지역출발]</span><span style=""color:#ff0000;"">[품격]</span></strong> [유럽의 품격] 2025 서유럽 4국 11일_영국·프랑스·스위스·이탈리아",11,142998.51,32.0,0.0,0.0,-142998.51,-100.0,단종(작년만),4박+
OUT1520,"<span style=""color:#014099;""><strong>[전지역출발]</span><span style=""color:#ff0000;"">[품격]</span></strong> [유럽의 품격] 2026 서유럽 4국 11일 (영국·프랑스·스위스·이탈리아)",11,0.0,0.0,275722.89,62.0,275722.89,100.0,신규(올해만),4박+
OUT1520,"<span style=""color:#014099;""><strong>[전지역출발]</span><span style=""color:#ff0000;"">[품격]</span></strong> [유럽의 품격] 2026 서유럽 4국 11일_영국·프랑스·스위스·이탈리아",11,0.0,0.0,12799.43,3.0,12799.43,100.0,신규(올해만),4박+
OUT1526,"<span style=""color:#014099;""><strong>[전지역출발]</span><span style=""color:#ff0000;""> [품격]</span></strong> [파노라마 in 북유럽] 북유럽 4국 10일 (덴마크·노르웨이·스웨덴·핀란드)",10,0.0,0.0,285252.45,58.0,285252.45,100.0,신규(올해만),4박+
OUT1526,"<span style=""color:#014099;""><strong>[전지역출발]</span><span style=""color:#ff0000;""> [품격]</span></strong>[파노라마 in 북유럽]북유럽 4국 10일_덴마크·노르웨이·스웨덴·핀란드",10,120621.01000000001,24.0,10283.46,2.0,-110337.55000000002,-91.4745698116771,동시운영,4박+
OUT1575,"<span style=""color:#014099;""><strong>[전지역출발]</strong></span>캐리비안 바하마 크루즈 7박 8일",8,0.0,0.0,9212.0,4.0,9212.0,100.0,신규(올해만),4박+
OUT1640,"<span style=""color:#FF4500;""><strong>[뉴욕출발]</strong></span> NEW코스타리카 5박6일",6,28473.06,16.0,0.0,0.0,-28473.06,-100.0,단종(작년만),4박+
OUT1642,"<span style=""color:#014099;""><strong>[전지역출발]</strong></span>2024년 차 병원 건강검진",1,2000.0,1.0,0.0,0.0,-2000.0,-100.0,단종(작년만),당일
OUT1647,"<span style=""color:#014099;""><strong>[전지역출발]</strong></span>코카서스 3국(아제르바이잔, 조지아, 아르메니아)_12일",12,55740.91,19.0,0.0,0.0,-55740.91,-100.0,단종(작년만),4박+
OUT1654,"<span style=""color:#014099;""><strong>[전지역출발]</strong></span> [산토리니1박/항공이동/월드체인 호텔 포함] 튀르키예(터키) 그리스 12일&13일",13,78511.32,21.0,0.0,0.0,-78511.32,-100.0,단종(작년만),4박+
OUT1654,"<span style=""color:#014099;""><strong>[전지역출발]</strong></span> [산토리니1박·항공이동·월드체인 호텔 포함] 튀르키예(터키)+그리스 12일&13일",13,0.0,0.0,165441.27,40.0,165441.27,100.0,신규(올해만),4박+
OUT1676,"<span style=""color:#014099;""><strong>[전지역출발]</strong></span> 일본 완전정복 10일",10,71777.8,20.0,0.0,0.0,-71777.8,-100.0,단종(작년만),4박+
OUT1751,"<span style=""color:#1E90FF;""><strong>[전지역출발]</strong></span>다원USA",0,5382.8,4.0,0.0,0.0,-5382.8,-100.0,단종(작년만),당일
OUT1760,"<span style=""color:#014099;""><strong>[전지역출발]</strong></span> <span style=""background-color:#ffff00;""><strong> [Beautiful  Korea]</strong></span> 전국 일주 7박 8일",8,3598.0,2.0,0.0,0.0,-3598.0,-100.0,단종(작년만),4박+
OUT1767,"<span style=""color:#014099;""><strong>[전지역출발]</strong></span> <span style=""background-color:#ffff00;""><strong>[Beautiful  Korea]</strong></span> 강원 /동해/ 부산  4박5일",5,0.0,0.0,3078.0,2.0,3078.0,100.0,신규(올해만),4박+
OUT1773,"<span style=""color:#014099;""><strong>[전지역출발]</strong></span> <span style=""background-color:#FFD580;""><strong>[단풍]</strong></span> 전국 6박7일",7,5268.0,2.0,1999.0,1.0,-3269.0,-62.05391040242977,동시운영,4박+
OUT1786,"<span style=""color:#014099;""><strong>[All]</strong></span> K-shuttle cultural history 5 Days",5,3177.0,3.0,0.0,0.0,-3177.0,-100.0,단종(작년만),4박+
OUT1798,"<span style=""color:#1fc3c5;""><strong>[달라스 단독]</strong></span> [두바이 직항]  두바이/아부다비 완전일주_7일",7,36170.18,12.0,0.0,0.0,-36170.18,-100.0,단종(작년만),4박+
OUT1818,"<span style=""color:#1E90FF;""><strong>[LA출발]</strong></span> 2025년 디스커버리 멕시코 리비에라 7박8일",8,7534.0,6.0,0.0,0.0,-7534.0,-100.0,단종(작년만),4박+
OUT1819,"<span style=""color:#B8860B;""><strong>[타지역출발]</strong></span> 2025년 디스커버리 멕시코 리비에라 7박8일",8,5957.0,3.0,0.0,0.0,-5957.0,-100.0,단종(작년만),4박+
OUT1821,[항공권] 그룹항공권 ,1,10800.0,31.0,0.0,0.0,-10800.0,-100.0,단종(작년만),당일
OUT1829,"<span style=""color:#014099;""><strong>[전지역출발]</span><span style=""color:#ff0000;"">[실속]</span></strong> [감성충전] 2025 이탈리아 일주 7일",7,49386.7,18.0,0.0,0.0,-49386.7,-100.0,단종(작년만),4박+
OUT1829,"<span style=""color:#014099;""><strong>[전지역출발]</span><span style=""color:#ff0000;"">[실속]</span></strong> [감성충전] 이탈리아 일주 7일",7,6700.02,2.0,0.0,0.0,-6700.02,-100.0,단종(작년만),4박+
OUT1838,"<span style=""color:#FF4500;""><strong>[뉴욕출발]</strong></span> [고품격] 왕의 귀환 고대문명의 이집트 일주 10일",10,40133.81,9.0,75429.68000000001,18.0,35295.87000000001,87.94547539842345,동시운영,4박+
OUT1839,"<span style=""color:#B8860B;""><strong>[타지역출발]</strong></span> [고품격] 왕의 귀환 고대문명의 이집트 일주 11일",11,42636.94,11.0,49972.68,10.0,7335.739999999998,17.205127760106606,동시운영,4박+
OUT1851,"<span style=""color:#014099;""><strong>[전지역출발]</span><span style=""color:#ff0000;""> [크리스마스 스페셜]</span> Feliz Navidad 스페인 & 안도라 공화국 2국 5박 7일",7,5871.22,2.0,0.0,0.0,-5871.22,-100.0,단종(작년만),4박+
OUT1854,"<span style=""color:#008000;""><strong>[현지조인]</strong></span> 노블 전국일주 9박10일",10,4538.0,2.0,0.0,0.0,-4538.0,-100.0,단종(작년만),4박+
OUT1879,"<span style=""color:#014099;""><strong>[전지역출발]</strong></span>페루 Full Tour 6박 8일(무지개산/소금광산/리마 시티 포함)",8,49283.12,12.0,0.0,0.0,-49283.12,-100.0,단종(작년만),4박+
OUT1933,"<span style=""color:#042889;""><strong>[산호세출발]</strong></span>[단독] 동유럽 삼형제 9일_완전일주(체코,오스트리아,헝가리)",9,132480.6,35.0,0.0,0.0,-132480.6,-100.0,단종(작년만),4박+
OUT1942,"<span style=""color:#014099;""><strong>[전지역출발]</strong></span>VACATION EXPRESS",1,56120.98,34.0,3376.0,2.0,-52744.98,-93.98442436322387,동시운영,당일
OUT1970,"<span style=""color:#1fc3c5;""><strong>[달라스출발]</strong></span>[중미의 진주] 코스타리카 4박5일",5,2146.73,1.0,0.0,0.0,-2146.73,-100.0,단종(작년만),4박+
OUT1972,"<span style=""color:#014099;""><strong>[전지역출발]</strong></span>[봄꽃 _ Beautiful Korea]  전국 7박 8일",8,41724.65,21.0,0.0,0.0,-41724.65,-100.0,단종(작년만),4박+
OUT1973,"<span style=""color:#014099;""><strong>[전지역출발]</strong></span>북해도 겨울여행(삿포로겨울과 온천과의만남) 3박4일",4,5444.62,2.0,0.0,0.0,-5444.62,-100.0,단종(작년만),2~3박
OUT1976,"<span style=""color:#014099;""><strong>[전지역출발]</strong></span> 2025년  일본 오사카 가을여행 4박5일",5,0.0,0.0,3252.6,2.0,3252.6,100.0,신규(올해만),4박+
OUT1978,"<span style=""color:#014099;""><strong>[전지역출발]</strong></span>도쿄&하코네 4박 5일 (2025년 1월-5월까지)",5,7109.6,4.0,0.0,0.0,-7109.6,-100.0,단종(작년만),4박+
OUT1997,"<span style=""color:#014099;""><strong>[전지역출발]</strong></span> 대만 완전 일주 7박 9일",9,24766.300000000003,10.0,0.0,0.0,-24766.300000000003,-100.0,단종(작년만),4박+
OUT2007,"<span style=""color:#014099;""><strong>[전지역출발]</strong></span> [취향저격] 4일간 독일과 동유럽 4국(오스트리아·체코·헝가리·슬로바키아) 12일",12,0.0,0.0,21047.66,4.0,21047.66,100.0,신규(올해만),4박+
OUT2007,"<span style=""color:#014099;""><strong>[전지역출발]</strong></span> [취향저격]독일+동유럽 3국 12일",12,52948.86,11.0,0.0,0.0,-52948.86,-100.0,단종(작년만),4박+
OUT2011,"<span style=""color:#014099;""><strong>[전지역출발]</strong></span> [동화같은 동유럽] 2026 동유럽 3국(체코·오스트리아·헝가리) 9일",9,0.0,0.0,21802.01,6.0,21802.01,100.0,신규(올해만),4박+
OUT2011,"<span style=""color:#014099;""><strong>[전지역출발]</strong></span>[동화같은 동유럽] 3개국 9일 (체코, 오스트리아, 헝가리)",9,51332.68,15.0,0.0,0.0,-51332.68,-100.0,단종(작년만),4박+
OUT2026,"<span style=""color:#a800ff;""><strong>[인트라넷 only]</strong></span> 볼리비아 _남미 3개국 13박15일",15,16102.16,2.0,0.0,0.0,-16102.16,-100.0,단종(작년만),4박+
OUT2027,"<span style=""color:#014099;""><strong>[전지역출발]</strong></span>New [럭셔리] 발데즈 코스 & 골든 서클 코스 완전 일주 6박8일",8,7854.48,2.0,0.0,0.0,-7854.48,-100.0,단종(작년만),4박+
OUT2027,"<span style=""color:#014099;""><strong>[전지역출발]</strong></span>[프리미엄] 알래스카 골든 서클 완전일주 6박 8일",8,0.0,0.0,8210.0,3.0,8210.0,100.0,신규(올해만),4박+
OUT2032,"<span style=""color:#014099;""><strong>[전지역출발]</strong></span>일본 전국일주 9일",9,24202.04,6.0,0.0,0.0,-24202.04,-100.0,단종(작년만),4박+
OUT2035,"<span style=""color:#014099;""><strong>[전지역출발]</strong></span>코카서스 3국(아제르바이잔, 조지아, 아르메니아)_12일",12,3029.0,1.0,0.0,0.0,-3029.0,-100.0,단종(작년만),4박+
OUT2035,"<span style=""color:#014099;""><strong>[전지역출발]</strong></span>코카서스 3국(아제르바이잔·조지아·아르메니아) 12일",12,0.0,0.0,6180.0,2.0,6180.0,100.0,신규(올해만),4박+
OUT2038,"<span style=""color:#014099;""><strong>[전지역출발]</strong></span>[하계] 밴쿠버+록키 4박5일",5,3762.0,3.0,9984.1,6.0,6222.1,165.39340776182883,동시운영,4박+
OUT2043,"<span style=""color:#014099;""><strong>[전지역출발]</strong></span>[하계] 밴쿠버+록키 5박6일",6,0.0,0.0,15938.04,10.0,15938.04,100.0,신규(올해만),4박+
OUT2044,"<span style=""color:#014099;""><strong>[전지역출발]</strong></span>[하계] 씨애틀+록키 4박5일",5,0.0,0.0,7754.0,6.0,7754.0,100.0,신규(올해만),4박+
OUT2045,"<span style=""color:#014099;""><strong>[전지역출발]</strong></span>[하계] 시애틀+록키 5박6일",6,3942.34,2.0,7822.32,4.0,3879.9799999999996,98.41819832891125,동시운영,4박+
OUT2055,"<span style=""color:#014099;""><strong>[전지역출발]</strong></span>2025년 차 병원 건강검진",1,3550.0,3.0,0.0,0.0,-3550.0,-100.0,단종(작년만),당일
OUT2065,"<span style=""color:#1fc3c5;""><strong>[달라스출발]</strong></span>푸른투어 & DK 라디오와 함께하는 발트 3국 + 핀란드 10일",10,36249.28,8.0,0.0,0.0,-36249.28,-100.0,단종(작년만),4박+
OUT2072,"<span style=""color:#36b924;""><strong>[시애틀출발]</strong></span>[하계] 시애틀+록키 5박6일",6,0.0,0.0,4811.16,3.0,4811.16,100.0,신규(올해만),4박+
OUT2075,"<span style=""color:#014099;""><strong>[전지역출발]</strong></span>코스타리카 골프 5박6일",6,0.0,0.0,7406.78,4.0,7406.78,100.0,신규(올해만),4박+
OUT2077,"<span style=""color:#014099;""><strong>[롯데관광]</strong></span> 온천천국 니가타 4일",4,2820.0,2.0,0.0,0.0,-2820.0,-100.0,단종(작년만),2~3박
OUT2093,"<span style=""color:#014099;""><strong>[전지역출발]</strong></span>[남도 식도락] 전주/여수/순천/남원 2박 3일",3,1198.0,2.0,0.0,0.0,-1198.0,-100.0,단종(작년만),2~3박
OUT2115,"<span style=""color:#014099;""><strong>[전지역출발]</strong></span> 하와이 5박6일",6,5388.0,2.0,0.0,0.0,-5388.0,-100.0,단종(작년만),4박+
OUT2192,"<span style=""color:#014099;""><strong>[전지역출발]</span> [Amazing] 2026 이탈리아 완전일주 10일",10,0.0,0.0,20062.52,6.0,20062.52,100.0,신규(올해만),4박+
OUT2196,"<span style=""color:#014099;""><strong>[전지역출발]</span></strong>[스마트] 2026 이탈리아 일주 7일",7,0.0,0.0,56119.89,19.0,56119.89,100.0,신규(올해만),4박+
OUT2196,"<span style=""color:#014099;""><strong>[전지역출발]</span></strong>[스마트]2026년 이탈리아 일주 7일",7,0.0,0.0,8360.0,4.0,8360.0,100.0,신규(올해만),4박+
OUT2209,"<span style=""color:#ed106c;""><strong>[애틀랜타출발]</strong></span>LUXURY HEALING 코스타리카 5박 6일 - NO TIP ! NO OPTION !",6,0.0,0.0,7880.0,4.0,7880.0,100.0,신규(올해만),4박+
OUT2214,"<span style=""color:#4d1eab;""><strong>[갈베스톤 출발]</strong></span> 2026 MSC 웨스턴 캐리비안 크루즈(MSC Seascape) 8일",8,0.0,0.0,38364.0,21.0,38364.0,100.0,신규(올해만),4박+
OUT2227,"<span style=""color:#014099;""><strong>[전지역출발]</strong></span> [Los Lagos 온천 호텔 2박] 코스타리카 4박 5일",5,0.0,0.0,15028.68,8.0,15028.68,100.0,신규(올해만),4박+
OUT2227,"<span style=""color:#014099;""><strong>[전지역출발]</strong></span>LOS LAGOS 온천 호텔 2박 코스타리카 4박 5일",5,0.0,0.0,26392.539999999997,18.0,26392.539999999997,100.0,신규(올해만),4박+
OUT2228,"<span style=""color:#014099;""><strong>[전지역출발]</strong></span> [Los Lagos 온천 호텔 2박] 코스타리카 5박 6일",6,0.0,0.0,19370.05,9.0,19370.05,100.0,신규(올해만),4박+
OUT2228,"<span style=""color:#014099;""><strong>[전지역출발]</strong></span>LOS LAGOS 온천 호텔 2박 코스타리카 5박 6일",6,0.0,0.0,56839.75,33.0,56839.75,100.0,신규(올해만),4박+
OUT2255,"<span style=""color:#014099;""><strong>[전지역출발]</strong></span> [시간을 걷다] 발칸+동유럽 6국 11일 (독일·헝가리·오스트리아·체코·슬로베니아·크로아티아)",11,0.0,0.0,59147.81,15.0,59147.81,100.0,신규(올해만),4박+
OUT2255,"<span style=""color:#014099;""><strong>[전지역출발]</strong></span>[시간을 걷다] 발칸/동유럽 6국 11일(독일/헝가리/오스트리아/체코/슬로베니아/크로아티아)",11,0.0,0.0,8947.66,2.0,8947.66,100.0,신규(올해만),4박+
OUT2256,"<span style=""color:#014099;""><strong>[전지역출발]</strong></span>2026년 알라스카 크루즈-로얄 프린세스",8,0.0,0.0,44280.48,14.0,44280.48,100.0,신규(올해만),4박+
OUT2257,"<span style=""color:#014099;""><strong>[전지역출발]</strong></span>2026년 알라스카 크루즈-스타 프린세스",8,0.0,0.0,89074.82,30.0,89074.82,100.0,신규(올해만),4박+
OUT2275,"<span style=""color:#1fc3c5;""><strong>[달라스단독]</strong></span>[이베리아 반도의 황홀한 유혹] 스페인,포르투갈,안도라 공화국_12일",12,0.0,0.0,71329.28,17.0,71329.28,100.0,신규(올해만),4박+
OUT2282,"<span style=""color:#014099;""><strong>[전지역출발]</strong></span>한민족의 영산 백두산과 하얼빈 빙설대축제 9일",9,0.0,0.0,18020.620000000003,7.0,18020.620000000003,100.0,신규(올해만),4박+
OUT2292,"<span style=""color:#014099;""><strong>[전지역출발]</strong></span>[푸른블루] 지중해 크루즈 11일",10,0.0,0.0,9623.46,2.0,9623.46,100.0,신규(올해만),4박+
OUT2294,"<span style=""color:#FF4500;""><strong>[뉴욕출발]</strong></span>온천이 품은 낙원 힐링 코스타리카 4박5일 -푸른 단독",5,0.0,0.0,25876.63,14.0,25876.63,100.0,신규(올해만),4박+
OUT2298,"<span style=""color:#014099;""><strong>[전지역출발]</strong></span>코스타리카 5박6일 골프투어(골프3회)",6,0.0,0.0,4000.0,2.0,4000.0,100.0,신규(올해만),4박+
OUT2309,"<span style=""color:#FF4500;""><strong>[뉴욕출발]</strong></span>[스마트]튀르키예 성지순례 7일",7,0.0,0.0,23586.46,11.0,23586.46,100.0,신규(올해만),4박+
OUT2314,"<span style=""color:#042889;""><strong>[샌프란시스코출발]</strong></span>[단독] 2026 크로아티아 + 슬로베니아 9일",9,0.0,0.0,21924.25,8.0,21924.25,100.0,신규(올해만),4박+
OUT2316,"<span style=""color:#014099;""><strong>[전지역출발]</strong></span> Beautiful Korea 전국 일주 6박 7일",7,0.0,0.0,41220.66,22.0,41220.66,100.0,신규(올해만),4박+
OUT2317,"<span style=""color:#014099;""><strong>[전지역출발]</strong></span> Beautiful Korea 동해·영남 감성 완주 3박 4일",4,0.0,0.0,6365.0,5.0,6365.0,100.0,신규(올해만),2~3박
OUT2329,[항공권]에어프레미아 - PSS,1,0.0,0.0,150889.46000000002,105.0,150889.46000000002,100.0,신규(올해만),당일
OUT2331,"<span style=""color:#014099;""><strong>[전지역출발]</strong></span>[스마트]튀르키예 성지순례 9일",9,0.0,0.0,6410.0,3.0,6410.0,100.0,신규(올해만),4박+
OUT2332,"<span style=""color:#014099;""><strong>[전지역출발]</strong></span> 천년의 숨결, 현대의 빛: 간사이 5대 도시 5일간의 완벽한 선물",5,0.0,0.0,4538.8,2.0,4538.8,100.0,신규(올해만),4박+
OUT2333,"<span style=""color:#014099;""><strong>[전지역출발]</strong></span> Beautiful Korea 서해·남해 힐링 완주 3박 4일",4,0.0,0.0,6792.0,8.0,6792.0,100.0,신규(올해만),2~3박
OUT2340,"<span style=""color:#014099;""><strong>[전지역출발]</strong></span> Beautiful  Korea 봄꽃 벚꽃 전국 6박 7일",7,0.0,0.0,3398.0,2.0,3398.0,100.0,신규(올해만),4박+
OUT2340,"<span style=""color:#014099;""><strong>[전지역출발]</strong></span> Beautiful Korea 봄꽃벚꽃 전국 6박 7일",7,0.0,0.0,32314.06,11.0,32314.06,100.0,신규(올해만),4박+
OUT2342,"<span style=""color:#014099;""><strong>[전지역출발]</strong></span> Beautiful Korea 봄꽃벚꽃 남도 3박 4일",4,0.0,0.0,1798.0,2.0,1798.0,100.0,신규(올해만),2~3박
OUT2347,"<span style=""color:#014099;""><strong>[전지역출발]</strong></span> 2026 일본 일주 10일",10,0.0,0.0,7112.0,2.0,7112.0,100.0,신규(올해만),4박+
OUT2347,"<span style=""color:#014099;""><strong>[전지역출발]</strong></span> 식도락 천국 일본 가로지르기: 일본 완전정복 10일",10,0.0,0.0,17585.06,4.0,17585.06,100.0,신규(올해만),4박+
OUT2348,"<span style=""color:#014099;""><strong>[All]</strong></span> World Heritage Korea with Seoul (SUN)",11,0.0,0.0,19275.72,4.0,19275.72,100.0,신규(올해만),4박+
OUT2349,"<span style=""color:#014099;""><strong>[전지역출발]</strong></span> Beautiful  Korea 전국일주K골든로드+제주 8박9일",9,0.0,0.0,9396.0,4.0,9396.0,100.0,신규(올해만),4박+
OUT2349,"<span style=""color:#014099;""><strong>[전지역출발]</strong></span> Beautiful Korea 전국일주 K골든로드+제주 8박 9일",9,0.0,0.0,20854.92,6.0,20854.92,100.0,신규(올해만),4박+
OUT2364,"<span style=""color:#014099;""><strong>[전지역출발]</strong></span> [4개의 나라 4배의 감동] 대만+베트남+태국+싱가포르 하이라이트 동남아 여행 10박 12일",12,0.0,0.0,41382.08,9.0,41382.08,100.0,신규(올해만),4박+
OUT2367,"<span style=""color:#014099;""><strong>[전지역출발]</span></strong> [클래식][태양을 품은 황금빛 지중해] 스페인 일주 9일",9,0.0,0.0,26884.58,8.0,26884.58,100.0,신규(올해만),4박+
OUT2369,"<span style=""color:#014099;""><strong>[전지역출발]</strong></span>2026년 차 병원 건강검진",1,0.0,0.0,2790.53,1.0,2790.53,100.0,신규(올해만),당일
OUT2370,"<span style=""color:#014099;""><strong>[전지역출발]</strong></span>Joseph Hue PGA 티칭 프로 동행 Tampa Bay 명품 골프 투어 3박4일",4,0.0,0.0,28006.77,15.0,28006.77,100.0,신규(올해만),2~3박
OUT2373,"<span style=""color:#014099;""><strong>[전지역출발]</strong></span> Wonderful Japan 봄꽃벚꽃 일본일주 10일",10,0.0,0.0,20551.46,5.0,20551.46,100.0,신규(올해만),4박+
OUT2380,"<span style=""color:#014099;""><strong>[전지역출발]</strong></span> 백두산(서파북파)+북경+상해(항주) 8박 9일",9,0.0,0.0,8306.06,2.0,8306.06,100.0,신규(올해만),4박+
OUT2380,"<span style=""color:#014099;""><strong>[전지역출발]</strong></span>백두산(서파북파) 북경 상해(항주) 8박9일",9,0.0,0.0,3998.0,2.0,3998.0,100.0,신규(올해만),4박+
OUT2387,"<span style=""color:#1fc3c5;""><strong>[달라스단독]</strong></span> 한반도의 절경과 제주의 낭만 완벽일주 11일",11,0.0,0.0,47800.3,14.0,47800.3,100.0,신규(올해만),4박+
OUT2408,"<span style=""color:#B8860B;""><strong>[타지역출발]</strong></span> [찬란한 고대 문명의 발상지] 이집트 일주 11일",11,0.0,0.0,3590.0,1.0,3590.0,100.0,신규(올해만),4박+
OUT2415,"<span style=""color:#014099;""><strong>[전지역출발]</strong></span> [NO옵션] 베트남 하노이+하롱베이 3박 5일",5,0.0,0.0,2095.6,2.0,2095.6,100.0,신규(올해만),4박+
OUT2430,"<span style=""color:#014099;""><strong>[전지역출발]</strong></span> 일곱 교회의 발자취를 따라가는 튀르키예 성지순례 9일",9,0.0,0.0,29782.07,9.0,29782.07,100.0,신규(올해만),4박+
OUT2434,"<span style=""color:#014099;""><strong>[전지역출발]</strong></span> [눈부신 햇살속의 휴식, 4월 지중해에서 온 초대] 2027 프린세스 서지중해 크루즈 10일",10,0.0,0.0,2449.0,1.0,2449.0,100.0,신규(올해만),4박+
OUT2436,"<span style=""color:#a800ff;""><strong>[인트라넷 only]</strong></span> 권수미 모국 관광 단독",14,0.0,0.0,24396.0,6.0,24396.0,100.0,신규(올해만),4박+
OUT2440,"<span style=""color:#FF4500;""><strong>[뉴욕출발]</strong></span> PGA 티칭 프로와 함께하는 캐나다 퀘벡 프리미엄 골프 투어 4박 5일",5,0.0,0.0,40783.0,17.0,40783.0,100.0,신규(올해만),4박+
OUT2450,"<span style=""color:#014099;""><strong>[전지역출발]</strong></span> [푸른, 여기 어때 1탄] 발트 3국 8일",8,0.0,0.0,6603.46,2.0,6603.46,100.0,신규(올해만),4박+
OUT450,"<span style=""color:#014099;""><strong>[전지역출발]</strong></span>디스커버리 프린세스 알래스카 크루즈 7박8일-시애틀 출발",8,47761.280000000006,17.0,0.0,0.0,-47761.280000000006,-100.0,단종(작년만),4박+
OUT471,"<span style=""color:#014099;""><strong>[전지역출발]</strong></span> 하와이 3박4일",4,14195.2,7.0,5570.0,6.0,-8625.2,-60.761384129846704,동시운영,2~3박
OUT472,"<span style=""color:#014099;""><strong>[전지역출발]</strong></span> 하와이 4박5일",5,5966.8,2.0,0.0,0.0,-5966.8,-100.0,단종(작년만),4박+
OUT500,"<span style=""color:#1E90FF;""><strong>[LA출발]</strong></span>칸쿤 자유여행 4박5일",5,9472.74,9.0,0.0,0.0,-9472.74,-100.0,단종(작년만),4박+
OUT510,[항공권] 대한항공,1,1221150.6800000002,639.0,1287010.63,609.0,65859.94999999972,5.393269731463419,동시운영,당일
OUT511,[항공권] 아시아나항공,1,180040.2,99.0,182964.27,133.0,2924.069999999978,1.62412061306307,동시운영,당일
OUT512,[항공권] 국내선-모든항공,1,27836.440000000002,49.0,26882.54,58.0,-953.9000000000015,-3.4268031400567076,동시운영,당일
OUT513,"[항공권] 국제선-[EX OZ,KE]",1,48228.6,45.0,32185.07,26.0,-16043.529999999999,-33.265593444553645,동시운영,당일
OUT529,"<span style=""color:#014099;""><strong>[전지역출발]</strong></span>코스타리카 4박 6일",6,4896.0,4.0,0.0,0.0,-4896.0,-100.0,단종(작년만),4박+
OUT533,"<span style=""color:#014099;""><strong>[전지역출발]</strong></span>칸쿤 3박4일",4,17104.34,13.0,2460.04,4.0,-14644.3,-85.61745147722742,동시운영,2~3박
OUT534,"<span style=""color:#014099;""><strong>[전지역출발]</strong></span>칸쿤 4박5일",5,11943.41,6.0,0.0,0.0,-11943.41,-100.0,단종(작년만),4박+
OUT536,"<span style=""color:#014099;""><strong>[전지역출발]</strong></span>칸쿤 6박7일",7,4559.5,2.0,0.0,0.0,-4559.5,-100.0,단종(작년만),4박+
OUT544,"<span style=""color:#1E90FF;""><strong>[LA출발]</strong></span>멕시코 크루즈 3박4일",4,1570.6,2.0,0.0,0.0,-1570.6,-100.0,단종(작년만),2~3박
OUT616,"<span style=""color:#1E90FF;""><strong>[LA출발]</strong></span>우리가 함께 할 수 있는 이시간, 그리스 산토리니 1박+ 메테오라 9일",9,3288.47,1.0,0.0,0.0,-3288.47,-100.0,단종(작년만),4박+
OUT755," <span style=""color:#1E90FF;""><strong> [LA출발]</strong></span> 멕시코 중부일주, 아즈텍문명을 만나다 5일",5,4718.0,4.0,0.0,0.0,-4718.0,-100.0,단종(작년만),4박+
OUT755," <span style=""color:#1E90FF;""><strong>[LA출발]</strong></span> [아즈텍 문명을 만나다] 멕시코 중부 일주 5일",5,0.0,0.0,3884.28,2.0,3884.28,100.0,신규(올해만),4박+
OUT758,"<span style=""color:#1fc3c5;""><strong>[달라스출발]</strong></span>[달라스 단독]멕시코 중부일주, 아즈텍문명을 만나다 5일",5,0.0,0.0,21879.25,12.0,21879.25,100.0,신규(올해만),4박+
OUT759,"<span style=""color:#014099;""><strong>[전지역출발]</strong></span> [아즈텍 문명을 만나다] 멕시코 중부 일주 5일",5,0.0,0.0,4681.36,2.0,4681.36,100.0,신규(올해만),4박+
OUT759,"<span style=""color:#014099;""><strong>[전지역출발]</strong></span> 멕시코 중부일주, 아즈텍문명을 만나다 5일",5,10402.380000000001,6.0,13408.96,8.0,3006.579999999998,28.902808780298333,동시운영,4박+
OUT799,"<span style=""color:#014099;""><strong>[전지역출발]</strong></span> [명불허전] 2025 크로아티아 + 슬로베니아 9일",9,60177.0,23.0,0.0,0.0,-60177.0,-100.0,단종(작년만),4박+
SCO1551,"<span style=""color:#cb4042;""><strong>[2025 하계 인바운드]</strong></span>9박11일(VIP리무진미동캐보QUE)-수 오전/도착",10,109640.0,67.0,21900.0,13.0,-87740.0,-80.02553812477198,동시운영,4박+
SCO1551,"<span style=""color:#cb4042;""><strong>[하계 인바운드]</strong></span>9박11일(VIP리무진미동캐보QUE)-수 오전/도착",10,0.0,0.0,122300.0,70.0,122300.0,100.0,신규(올해만),4박+
SCO1552,"<span style=""color:#cb4042;""><strong>[2025 하계 인바운드]</strong></span>9박11일(VIP리무진미동캐보QUE)-목 오전/도착",10,70072.0,40.0,29300.0,17.0,-40772.0,-58.18586596643453,동시운영,4박+
SCO1552,"<span style=""color:#cb4042;""><strong>[하계 인바운드]</strong></span>9박11일(VIP리무진미동캐보QUE)-목 오전/도착",10,0.0,0.0,42810.0,24.0,42810.0,100.0,신규(올해만),4박+
SCO1560,"<span style=""color:#cb4042;""><strong>[2025 하계 인바운드]</strong></span>9박11일(VIP리무진미동캐보QUE)-수 오후/도착",10,50131.0,29.0,16500.0,10.0,-33631.0,-67.08623406674513,동시운영,4박+
SCO1560,"<span style=""color:#cb4042;""><strong>[하계 인바운드]</strong></span>9박11일(VIP리무진미동캐보QUE)-수 오후/도착",10,0.0,0.0,6600.0,4.0,6600.0,100.0,신규(올해만),4박+
SCO1561,"<span style=""color:#cb4042;""><strong>[2025 하계 인바운드]</strong></span>9박11일(VIP리무진미동캐보QUE)-목 오후/도착",10,74930.0,44.0,4140.0,2.0,-70790.0,-94.47484318697451,동시운영,4박+
SCO1561,"<span style=""color:#cb4042;""><strong>[하계 인바운드]</strong></span>9박11일(VIP리무진미동캐보QUE)-목 오후/도착",10,0.0,0.0,107576.0,65.0,107576.0,100.0,신규(올해만),4박+
SCO1599,"<span style=""color:#cb4042;""><strong>[2025 하계 인바운드]</strong></span>미동부 6박8일-오전/오전 (월/금요일 출발)",7,10000.0,8.0,0.0,0.0,-10000.0,-100.0,단종(작년만),4박+
SCO1599,"<span style=""color:#cb4042;""><strong>[하계 인바운드]</strong></span>미동부 6박8일-오전/오전 (월/금요일 출발)",7,0.0,0.0,11500.0,10.0,11500.0,100.0,신규(올해만),4박+
SCO1600,"<span style=""color:#cb4042;""><strong>[하계 인바운드]</strong></span>미동부 6박8일-오후/오전 (월/금요일 출발)",7,0.0,0.0,6130.0,5.0,6130.0,100.0,신규(올해만),4박+
SCO1601,"<span style=""color:#cb4042;""><strong>[2025 하계 인바운드]</strong></span>미동부 6박8일-오전/오전 (화/토요일 출발)",7,14320.0,12.0,0.0,0.0,-14320.0,-100.0,단종(작년만),4박+
SCO1601,"<span style=""color:#cb4042;""><strong>[하계 인바운드]</strong></span>미동부 6박8일-오전/오전 (화/토요일 출발)",7,0.0,0.0,15760.0,13.0,15760.0,100.0,신규(올해만),4박+
SCO1602,"<span style=""color:#cb4042;""><strong>[2025 하계 인바운드]</strong></span>미동부 6박8일-오후/오전 (화/토요일 출발)",7,4400.0,4.0,0.0,0.0,-4400.0,-100.0,단종(작년만),4박+
SCO1602,"<span style=""color:#cb4042;""><strong>[하계 인바운드]</strong></span>미동부 6박8일-오후/오전 (화/토요일 출발)",7,0.0,0.0,7330.0,7.0,7330.0,100.0,신규(올해만),4박+
SCO1604,"<span style=""color:#cb4042;""><strong>[2025 하계 인바운드]</strong></span>미동부 8박10일-오전/오전 (월/금요일 출발)",9,115385.0,74.0,61661.0,42.0,-53724.0,-46.56064479785068,동시운영,4박+
SCO1604,"<span style=""color:#cb4042;""><strong>[하계 인바운드]</strong></span>미동부 8박10일-오전/오전 (월/금요일 출발)",9,0.0,0.0,71160.0,48.0,71160.0,100.0,신규(올해만),4박+
SCO1605,"<span style=""color:#cb4042;""><strong>[2025 하계 인바운드]</strong></span>미동부 8박10일-오후/오전 (월/금요일 출발)",9,51609.0,37.0,4690.0,3.0,-46919.0,-90.91243775310508,동시운영,4박+
SCO1605,"<span style=""color:#cb4042;""><strong>[하계 인바운드]</strong></span>미동부 8박10일-오후/오전 (월/금요일 출발)",9,0.0,0.0,22170.0,15.0,22170.0,100.0,신규(올해만),4박+
SCO1606,"<span style=""color:#cb4042;""><strong>[2025 하계 인바운드]</strong></span>미동부 8박10일-오전/오전 (화/토요일 출발)",9,73102.0,51.0,19435.0,13.0,-53667.0,-73.41386008590737,동시운영,4박+
SCO1606,"<span style=""color:#cb4042;""><strong>[하계 인바운드]</strong></span>미동부 8박10일-오전/오전 (화/토요일 출발)",9,0.0,0.0,104760.0,70.0,104760.0,100.0,신규(올해만),4박+
SCO1607,"<span style=""color:#cb4042;""><strong>[2025 하계 인바운드]</strong></span>미동부 8박10일-오후/오전 (화/토요일 출발)",9,267067.0,191.0,43150.0,31.0,-223917.0,-83.84300568771133,동시운영,4박+
SCO1607,"<span style=""color:#cb4042;""><strong>[하계 인바운드]</strong></span>미동부 8박10일-오후/오전 (화/토요일 출발)",9,0.0,0.0,271710.0,192.0,271710.0,100.0,신규(올해만),4박+
SCO1608,"<span style=""color:#cb4042;""><strong>[2025 하계 인바운드]</strong></span>미동부 10박12일-오전/오전 (월/금요일 출발)",11,30240.0,17.0,0.0,0.0,-30240.0,-100.0,단종(작년만),4박+
SCO1608,"<span style=""color:#cb4042;""><strong>[하계 인바운드]</strong></span>미동부 10박12일-오전/오전 (월/금요일 출발)",11,0.0,0.0,10850.0,6.0,10850.0,100.0,신규(올해만),4박+
SCO1610,"<span style=""color:#cb4042;""><strong>[2025 하계 인바운드]</strong></span>미동부 10박12일-오전/오전 (화/토요일 출발)",11,31160.0,17.0,3600.0,2.0,-27560.0,-88.44672657252889,동시운영,4박+
SCO1610,"<span style=""color:#cb4042;""><strong>[하계 인바운드]</strong></span>미동부 10박12일-오전/오전 (화/토요일 출발)",11,0.0,0.0,10800.0,6.0,10800.0,100.0,신규(올해만),4박+
SCO1612,"<span style=""color:#cb4042;""><strong>[하계 인바운드]</strong></span>미동부 8박10일-오전/오전 (수요일 출발) <span style=""color:#FF0000;""><strong>역패턴 9월,10월 한정</strong></span> ",9,0.0,0.0,2900.0,2.0,2900.0,100.0,신규(올해만),4박+
SCO1615,"<span style=""color:#cb4042;""><strong>[2025 하계 인바운드]</strong></span>미동부 8박10일-오후/오전 (목요일 출발) <span style=""color:#FF0000;""><strong>역패턴 9월,10월 한정</strong></span> ",9,0.0,0.0,5600.0,4.0,5600.0,100.0,신규(올해만),4박+
SCO1619,"<span style=""color:#cb4042;""><strong>[하계 인바운드]</strong></span>미동부 5박8일-오후/오후 (화/토요일 출발)",6,0.0,0.0,4280.0,4.0,4280.0,100.0,신규(올해만),4박+
SCO1620,"<span style=""color:#cb4042;""><strong>[2025 하계 인바운드]</strong></span>미동부 7박10일-오전/오후 (월/금요일 출발)",8,0.0,0.0,8520.0,6.0,8520.0,100.0,신규(올해만),4박+
SCO1621,"<span style=""color:#cb4042;""><strong>[2025 하계 인바운드]</strong></span>미동부 7박10일-오후/오후 (월/금요일 출발)",8,111229.0,86.0,46036.0,35.0,-65193.0,-58.61151318451123,동시운영,4박+
SCO1621,"<span style=""color:#cb4042;""><strong>[하계 인바운드]</strong></span>미동부 7박10일-오후/오후 (월/금요일 출발)",8,0.0,0.0,195156.0,141.0,195156.0,100.0,신규(올해만),4박+
SCO1623,"<span style=""color:#cb4042;""><strong>[2025 하계 인바운드]</strong></span>미동부 7박10일-오후/오후 (화/토요일 출발)",8,32916.0,24.0,44880.0,34.0,11964.0,36.34706525701786,동시운영,4박+
SCO1623,"<span style=""color:#cb4042;""><strong>[하계 인바운드]</strong></span>미동부 7박10일-오후/오후 (화/토요일 출발)",8,0.0,0.0,257509.0,189.0,257509.0,100.0,신규(올해만),4박+
SCO1625,"<span style=""color:#cb4042;""><strong>[2025 하계 인바운드]</strong></span>미동부 9박12일-오후/오후 (월/금요일 출발)",10,8256.0,5.0,0.0,0.0,-8256.0,-100.0,단종(작년만),4박+
SCO1629,"<span style=""color:#cb4042;""><strong>[2025 하계 인바운드]</strong></span>미동부 7박10일-오후/오후 (수요일 출발) <span style=""color:#FF0000;""><strong>역패턴 9월,10월 한정</strong></span> ",8,0.0,0.0,2640.0,2.0,2640.0,100.0,신규(올해만),4박+
SCO1631,"<span style=""color:#cb4042;""><strong>[2025 하계 인바운드]</strong></span>미동부 7박10일-오후/오후 (목요일 출발) <span style=""color:#FF0000;""><strong>역패턴 9월,10월 한정</strong></span> ",8,0.0,0.0,7920.0,6.0,7920.0,100.0,신규(올해만),4박+
SCO1631,"<span style=""color:#cb4042;""><strong>[하계 인바운드]</strong></span>미동부 7박10일-오후/오후 (목요일 출발) <span style=""color:#FF0000;""><strong>역패턴 9월,10월 한정</strong></span> ",8,0.0,0.0,7920.0,6.0,7920.0,100.0,신규(올해만),4박+
SCO1641,"<span style=""color:#769af6;""><strong>[2024인바운드]</strong></span>[VIP 버스] 미서부 4대캐년 (와이너리,스탠포드,죠슈아국립공원) 완전일주 8박10일",9,387822.0,269.0,200905.0,134.0,-186917.0,-48.19659534528727,동시운영,4박+
SCO1722,"<span style=""color:#cb4042;""><strong>[2025 하계 인바운드]</strong></span>8박11일(VIP리무진미동캐보QUE)-수 오후/도착",9,9720.0,6.0,16200.0,10.0,6480.0,66.66666666666666,동시운영,4박+
SCO1722,"<span style=""color:#cb4042;""><strong>[하계 인바운드]</strong></span>8박11일(VIP리무진미동캐보QUE)-수 오후/도착",9,0.0,0.0,123503.0,75.0,123503.0,100.0,신규(올해만),4박+
SCO1723,"<span style=""color:#cb4042;""><strong>[2025 하계 인바운드]</strong></span>8박11일(VIP리무진미동캐보QUE)-목 오후/도착",9,21231.0,13.0,19796.0,12.0,-1435.0,-6.758984503791625,동시운영,4박+
SCO1723,"<span style=""color:#cb4042;""><strong>[하계 인바운드]</strong></span>8박11일(VIP리무진미동캐보QUE)-목 오후/도착",9,0.0,0.0,47458.0,29.0,47458.0,100.0,신규(올해만),4박+
SCO1905,"<span style=""color:#c02de5;""><strong>[2024 동계 인바운드]</strong></span>미동부 6박8일-오전/오전 (월/금요일 출발)",7,2523.43,2.0,0.0,0.0,-2523.43,-100.0,단종(작년만),4박+
SCO1905,"<span style=""color:#c02de5;""><strong>[동계 인바운드]</strong></span>미동부 6박8일-오전/오전 (월/금요일 출발)",7,0.0,0.0,3520.0,3.0,3520.0,100.0,신규(올해만),4박+
SCO1907,"<span style=""color:#c02de5;""><strong>[2024 동계 인바운드]</strong></span>미동부 6박8일-오전/오전 (화/토요일 출발)",7,4600.0,4.0,0.0,0.0,-4600.0,-100.0,단종(작년만),4박+
SCO1907,"<span style=""color:#c02de5;""><strong>[동계 인바운드]</strong></span>미동부 6박8일-오전/오전 (화/토요일 출발)",7,0.0,0.0,6440.0,6.0,6440.0,100.0,신규(올해만),4박+
SCO1908,"<span style=""color:#c02de5;""><strong>[2024 동계 인바운드]</strong></span>미동부 6박8일-오후/오전 (화/토요일 출발)",7,4766.0,4.0,0.0,0.0,-4766.0,-100.0,단종(작년만),4박+
SCO1909,"<span style=""color:#c02de5;""><strong>[2024 동계 인바운드]</strong></span>미동부 8박10일-오전/오전 (월/금요일 출발)",9,90151.0,67.0,0.0,0.0,-90151.0,-100.0,단종(작년만),4박+
SCO1909,"<span style=""color:#c02de5;""><strong>[동계 인바운드]</strong></span>미동부 8박10일-오전/오전 (월/금요일 출발)",9,0.0,0.0,138690.0,101.0,138690.0,100.0,신규(올해만),4박+
SCO1911,"<span style=""color:#c02de5;""><strong>[2024 동계 인바운드]</strong></span>미동부 8박10일-오전/오전 (화/토요일 출발)",9,26807.0,19.0,0.0,0.0,-26807.0,-100.0,단종(작년만),4박+
SCO1911,"<span style=""color:#c02de5;""><strong>[동계 인바운드]</strong></span>미동부 8박10일-오전/오전 (화/토요일 출발)",9,0.0,0.0,58630.0,43.0,58630.0,100.0,신규(올해만),4박+
SCO1912,"<span style=""color:#c02de5;""><strong>[2024 동계 인바운드]</strong></span>미동부 8박10일-오후/오전 (화/토요일 출발)",9,96796.0,70.0,0.0,0.0,-96796.0,-100.0,단종(작년만),4박+
SCO1912,"<span style=""color:#c02de5;""><strong>[동계 인바운드]</strong></span>미동부 8박10일-오후/오전 (화/토요일 출발)",9,0.0,0.0,76885.0,54.0,76885.0,100.0,신규(올해만),4박+
SCO1913,"<span style=""color:#c02de5;""><strong>[2024 동계 인바운드]</strong></span>미동부 10박12일-오전/오전 (월/금요일 출발)",11,9900.0,6.0,0.0,0.0,-9900.0,-100.0,단종(작년만),4박+
SCO1915,"<span style=""color:#c02de5;""><strong>[2024 동계 인바운드]</strong></span>미동부 10박12일-오전/오전 (화/토요일 출발)",11,4760.0,3.0,0.0,0.0,-4760.0,-100.0,단종(작년만),4박+
SCO1915,"<span style=""color:#c02de5;""><strong>[동계 인바운드]</strong></span>미동부 10박12일-오전/오전 (화/토요일 출발)",11,0.0,0.0,26000.0,14.0,26000.0,100.0,신규(올해만),4박+
SCO1922,"<span style=""color:#c02de5;""><strong>[2024 동계 인바운드]</strong></span>미동부 7박10일-오후/오후 (월/금요일 출발)",8,287535.0,225.0,0.0,0.0,-287535.0,-100.0,단종(작년만),4박+
SCO1922,"<span style=""color:#c02de5;""><strong>[동계 인바운드]</strong></span>미동부 7박10일-오후/오후 (월/금요일 출발)",8,0.0,0.0,95018.0,75.0,95018.0,100.0,신규(올해만),4박+
SCO1924,"<span style=""color:#c02de5;""><strong>[2024 동계 인바운드]</strong></span>미동부 7박10일-오후/오후 (화/토요일 출발)",8,5000.0,4.0,0.0,0.0,-5000.0,-100.0,단종(작년만),4박+
SCO1924,"<span style=""color:#c02de5;""><strong>[동계 인바운드]</strong></span>미동부 7박10일-오후/오후 (화/토요일 출발)",8,0.0,0.0,89338.0,70.0,89338.0,100.0,신규(올해만),4박+
SCO199,"<span style=""color:#61c404;""><strong>[인바운드]</strong></span>5박7일 (샌디에고 + 그랜드캐년) - 일 오전/오전",6,0.0,0.0,1640.0,2.0,1640.0,100.0,신규(올해만),4박+
SCO203,인바운드 5박7일 (4대캐년) - 월 오전/오전,6,149388.0,161.0,228815.0,245.0,79427.0,53.168259833453824,동시운영,4박+
SCO204,"<span style=""color:#61c404;""><strong>[인바운드]</strong></span>6박8일 (샌디에고 + 4대캐년) - 일 오전/오전",7,4272.0,5.0,8022.0,9.0,3750.0,87.78089887640449,동시운영,4박+
SCO205,인바운드 7박10일 (4대캐년 요세미티 샌프란 6박7일) - 월 오전/오후,8,73290.0,63.0,255528.0,211.0,182238.0,248.65329512893985,동시운영,4박+
SCO206,인바운드 8박10일 (4대캐년 요세미티 샌프란 6박7일) - 월 오전/오전,9,441478.6,358.0,185276.0,140.0,-256202.59999999998,-58.03284689223894,동시운영,4박+
SCO211,인바운드 5박7일 (샌프란시스코 요세미티 3박4일) - 금 오전/오전,6,1620.0,2.0,0.0,0.0,-1620.0,-100.0,단종(작년만),4박+
SCO213,인바운드 7박9일 (미서부실속 5박6일) - 금 오전/오전,8,28736.0,26.0,0.0,0.0,-28736.0,-100.0,단종(작년만),4박+
SCO214,인바운드 7박10일 (샌프란 요세미티 4대캐년 6박7일) - 금 오전/오후,8,47778.0,40.0,173430.0,142.0,125652.0,262.9913349240236,동시운영,4박+
SCO215,인바운드 8박10일 (샌프란 요세미티 4대캐년 6박7일) - 금 오전/오전,9,418659.0,338.0,236441.0,175.0,-182218.0,-43.52420466298348,동시운영,4박+
SCO217,인바운드 5박7일 (4대캐년) - 월 오후/오전,6,0.0,0.0,1790.0,2.0,1790.0,100.0,신규(올해만),4박+
SCO218,인바운드 8박10일 (4대캐년 요세미티 샌프란 6박7일) - 월 오후/오전,9,9320.0,8.0,0.0,0.0,-9320.0,-100.0,단종(작년만),4박+
SCO222,인바운드 8박10일 (샌프란 요세미티 4대캐년 6박7일) - 금 오후/오전,9,0.0,0.0,2530.0,2.0,2530.0,100.0,신규(올해만),4박+
SFOP2N,SFO 호텔 2박,3,0.0,0.0,0.0,3.0,0.0,0.0,동시운영,2~3박
SIN1006,"<span style=""color:#FF4500;""><strong>[뉴욕출발]</strong></span>버스대여",1,0.0,0.0,3400.0,2.0,3400.0,100.0,신규(올해만),당일
SIN1080,"<span style=""color:#014099;""><strong>[전지역출발]</strong></span> 딱 좋아! 매혹의 땅, 뉴 멕시코 4일(뉴멕시코 주)",4,42709.24,25.0,0.0,0.0,-42709.24,-100.0,단종(작년만),2~3박
SIN1083,푸른투어 상품권,1,0.0,0.0,770.0,4.0,770.0,100.0,신규(올해만),당일
SIN1225,"<span style=""color:#1E90FF;""><strong>[LA출발]</strong></span>플라워 필드 당일관광",1,2079.0,21.0,0.0,0.0,-2079.0,-100.0,단종(작년만),당일
SIN1227,"<span style=""color:#DF0174;""><strong>[LAS출발]</strong></span> 7대캐년+세도나 5일(LAS 인아웃, 금요일 OUT)",5,10040.56,8.0,5994.0,6.0,-4046.5599999999995,-40.30213454229644,동시운영,4박+
SIN1228,"<span style=""color:#DF0174;""><strong>[LAS출발]</strong></span> 4대캐년 3박4일 (LAS 인아웃, 금요일 OUT)",4,11031.92,14.0,13892.6,12.0,2860.6800000000003,25.930934959644382,동시운영,2~3박
SIN1240,"<span style=""color:#1E90FF;""><strong>[LA출발]</strong></span>4대캐년&샌프란시스코+옐로스톤 8박9일",9,0.0,0.0,6533.0,4.0,6533.0,100.0,신규(올해만),4박+
SIN1241,"<span style=""color:#B8860B;""><strong>[타지역출발]</strong></span>4대캐년+샌프란시스코+요세미티+옐로스톤 9박10일 - 금요일 출발",10,9760.0,4.0,58291.47,25.0,48531.47,497.2486680327869,동시운영,4박+
SIN1256,"<span style=""color:#1E90FF;""><strong>[LA출발]</strong></span>봄이 아름다운 데스밸리_레드락 캐년 1박2일",2,23362.0,78.0,0.0,0.0,-23362.0,-100.0,단종(작년만),1박
SIN1260,"<span style=""color:#1E90FF;""><strong>[LA출발]</strong></span>엔탈롭 밸리 파피꽃 당일",1,0.0,0.0,4554.0,46.0,4554.0,100.0,신규(올해만),당일
SIN1264,"<span style=""color:#014099;""><strong>[전지역출발]</strong></span> 원더풀! 오레건 3박4일(경이로운 자연을 만나다)",4,0.0,0.0,5596.0,4.0,5596.0,100.0,신규(올해만),2~3박
SIN1289,"<span style=""color:#a800ff;""><strong>[인트라넷 only]</strong></span>NEW I LOVE NEW YORK 시내관광 당일-단독",1,2279.0,10.0,2670.0,15.0,391.0,17.15664765247916,동시운영,당일
SIN1291,"<span style=""color:#DF0174;""><strong>[LAS출발]</strong></span>[줌줌 투어] 5대캐년 1박2일",2,77768.4,189.0,0.0,0.0,-77768.4,-100.0,단종(작년만),1박
SIN1374,각종 대행 서비스(달라스),1,0.0,0.0,1200.0,1.0,1200.0,100.0,신규(올해만),당일
SIN1488,"<span style=""color:#a800ff;""><strong>[인트라넷 only]</strong></span>NEW I LOVE NEW YORK 시내관광 당일 2호차",1,360.0,2.0,0.0,0.0,-360.0,-100.0,단종(작년만),당일
SIN1550,"<span style=""color:#FF4500;""><strong>[뉴욕출발]</span></strong> VIP 리무진 미동부캐나다 6박 7일 완전 일주",7,0.0,0.0,8390.0,5.0,8390.0,100.0,신규(올해만),4박+
SIN1550,"<span style=""color:#FF4500;""><strong>[뉴욕출발]</span></strong>2025 VIP 리무진 미동부캐나다 6박 7일 완전 일주",7,2544.0,2.0,0.0,0.0,-2544.0,-100.0,단종(작년만),4박+
SIN1563,"<span style=""color:#FF4500;""><strong>[뉴욕출발]</span></strong> 2025 푸른ONLY 나이아가라 2박3일",3,11623.0,18.0,0.0,0.0,-11623.0,-100.0,단종(작년만),2~3박
SIN1563,"<span style=""color:#FF4500;""><strong>[뉴욕출발]</span></strong> 푸른ONLY 나이아가라 2박3일",3,0.0,0.0,21070.0,33.0,21070.0,100.0,신규(올해만),2~3박
SIN1565,"<span style=""color:#FF4500;""><strong>[뉴욕출발]</span></strong> 2025 미동부 3박4일 - 푸른ONLY 나이아가라 2박",4,8470.0,10.0,0.0,0.0,-8470.0,-100.0,단종(작년만),2~3박
SIN1565,"<span style=""color:#FF4500;""><strong>[뉴욕출발]</span></strong> 미동부 3박4일 - 푸른ONLY 나이아가라 2박",4,0.0,0.0,30013.5,36.0,30013.5,100.0,신규(올해만),2~3박
SIN1566,"<span style=""color:#FF4500;""><strong>[뉴욕출발]</span></strong> 미동부/캐나다 4박5일-워싱턴제외 - 푸른ONLY 나이아가라 2박",5,0.0,0.0,30415.0,28.0,30415.0,100.0,신규(올해만),4박+
SIN1566,"<span style=""color:#FF4500;""><strong>[뉴욕출발]</span></strong>2025 미동부/캐나다 4박5일-워싱턴제외 - 푸른ONLY 나이아가라 2박",5,14620.0,14.0,0.0,0.0,-14620.0,-100.0,단종(작년만),4박+
SIN1567,"<span style=""color:#FF4500;""><strong>[뉴욕출발]</span></strong> 미동부/캐나다 5박6일 - 푸른ONLY 나이아가라 2박",6,0.0,0.0,25430.0,20.0,25430.0,100.0,신규(올해만),4박+
SIN1567,"<span style=""color:#FF4500;""><strong>[뉴욕출발]</span></strong>2025 미동부/캐나다 5박6일 - 푸른ONLY 나이아가라 2박",6,36140.0,28.0,0.0,0.0,-36140.0,-100.0,단종(작년만),4박+
SIN1569,"<span style=""color:#FF4500;""><strong>[뉴욕출발]</span></strong> 미동부/캐나다/NYC 6박7일 - 푸른ONLY 나이아가라 2박 ",7,0.0,0.0,37260.0,25.0,37260.0,100.0,신규(올해만),4박+
SIN1569,"<span style=""color:#FF4500;""><strong>[뉴욕출발]</span></strong>2025 미동부/캐나다/NYC 6박7일 - 푸른ONLY 나이아가라 2박 ",7,2610.0,2.0,0.0,0.0,-2610.0,-100.0,단종(작년만),4박+
SIN1570,"<span style=""color:#FF4500;""><strong>[뉴욕출발]</span></strong>2025 미동부/캐나다/보스톤 6박7일 - 워싱턴 제외 - 푸른ONLY 나이아가라 2박",7,2900.0,2.0,0.0,0.0,-2900.0,-100.0,단종(작년만),4박+
SIN1572,"<span style=""color:#FF4500;""><strong>[뉴욕출발]</span></strong> 미동부/캐나다/보스톤 7박8일 - 푸른ONLY 나이아가라 2박",8,0.0,0.0,3300.0,2.0,3300.0,100.0,신규(올해만),4박+
SIN1572,"<span style=""color:#FF4500;""><strong>[뉴욕출발]</span></strong>2025 미동부/캐나다/보스톤 7박8일 - 푸른ONLY 나이아가라 2박",8,5510.0,3.0,0.0,0.0,-5510.0,-100.0,단종(작년만),4박+
SIN1573,"<span style=""color:#FF4500;""><strong>[뉴욕출발]</span></strong> 2025 워싱턴 D.C. 당일",1,1578.97,7.0,0.0,0.0,-1578.97,-100.0,단종(작년만),당일
SIN1576,"<span style=""color:#FF4500;""><strong>[뉴욕출발]</span></strong> 2025 보스턴 1박 2일",2,1920.0,4.0,0.0,0.0,-1920.0,-100.0,단종(작년만),1박
SIN1576,"<span style=""color:#FF4500;""><strong>[뉴욕출발]</span></strong> 보스턴 1박 2일",2,0.0,0.0,2280.0,5.0,2280.0,100.0,신규(올해만),1박
SIN1577,"<span style=""color:#B8860B;""><strong>[타지역출발]</strong></span> 미동부 5박6일 - 오전도착 - 푸른ONLY 나이아가라 2박 ",6,0.0,0.0,12744.86,7.0,12744.86,100.0,신규(올해만),4박+
SIN1577,"<span style=""color:#B8860B;""><strong>[타지역출발]</strong></span>2025 미동부 5박6일 - 오전도착 - 푸른ONLY 나이아가라 2박 ",6,9087.84,6.0,0.0,0.0,-9087.84,-100.0,단종(작년만),4박+
SIN1578,"<span style=""color:#B8860B;""><strong>[타지역출발]</strong></span> 미동부+캐나다 7박8일 - 오전도착 - 푸른ONLY 나이아가라 2박",8,0.0,0.0,20216.620000000003,12.0,20216.620000000003,100.0,신규(올해만),4박+
SIN1578,"<span style=""color:#B8860B;""><strong>[타지역출발]</strong></span>2025 미동부+캐나다 7박8일 - 오전도착 - 푸른ONLY 나이아가라 2박",8,6422.0,4.0,0.0,0.0,-6422.0,-100.0,단종(작년만),4박+
SIN1580,"<span style=""color:#B8860B;""><strong>[타지역출발]</strong></span> VIP 리무진 미동부캐나다 완전 일주 8박 9일 - 오전도착 ",9,0.0,0.0,7800.0,4.0,7800.0,100.0,신규(올해만),4박+
SIN1580,"<span style=""color:#B8860B;""><strong>[타지역출발]</strong></span>2025 VIP 리무진 미동부캐나다 완전 일주 8박 9일 - 오전도착 ",9,8410.0,4.0,0.0,0.0,-8410.0,-100.0,단종(작년만),4박+
SIN1581,"<span style=""color:#B8860B;""><strong>[타지역출발]</strong></span> VIP 리무진 미동부캐나다 완전 일주 8박 9일 - 오후도착 ",9,0.0,0.0,28310.0,15.0,28310.0,100.0,신규(올해만),4박+
SIN1587,"<span style=""color:#B8860B;""><strong>[타지역출발]</strong></span> 미동부+캐나다+보스턴 9박10일 - 오전도착 - 푸른ONLY 나이아가라 2박",10,0.0,0.0,11542.0,6.0,11542.0,100.0,신규(올해만),4박+
SIN1590,"<span style=""color:#1E90FF;""><strong>[LA출발]</strong></span> VIP버스와 떠나는 신 5대 국립공원+샌프란7일 - 그랜드/자이언/브라이스캐년, 죠슈아,요세미티, 와이너리, 스탠포드",7,19807.0,15.0,28590.72,18.0,8783.720000000001,44.346544151057714,동시운영,4박+
SIN1593,"<span style=""color:#B8860B;""><strong>[타지역출발]</strong></span> 미동부 5박6일 - 오후도착 - 푸른ONLY 나이아가라 2박",6,0.0,0.0,28313.97,19.0,28313.97,100.0,신규(올해만),4박+
SIN1593,"<span style=""color:#B8860B;""><strong>[타지역출발]</strong></span>2025 미동부 5박6일 - 오후도착 - 푸른ONLY 나이아가라 2박",6,58905.29,35.0,0.0,0.0,-58905.29,-100.0,단종(작년만),4박+
SIN1595,"<span style=""color:#B8860B;""><strong>[타지역출발]</strong></span> 미동부+캐나다 7박8일 - 오후도착 - 푸른ONLY 나이아가라 2박",8,3896.2,2.0,78844.81999999999,39.0,74948.62,1923.6337970330067,동시운영,4박+
SIN1595,"<span style=""color:#B8860B;""><strong>[타지역출발]</strong></span>2025 미동부+캐나다 7박8일 - 오후도착 - 푸른ONLY 나이아가라 2박",8,6940.0,4.0,0.0,0.0,-6940.0,-100.0,단종(작년만),4박+
SIN1634,"<span style=""color:#B8860B;""><strong>[타지역출발]</strong></span> 미동부+캐나다+보스턴 9박10일 - 오후도착 - 푸른ONLY 나이아가라 2박",10,0.0,0.0,3122.31,1.0,3122.31,100.0,신규(올해만),4박+
SIN1634,"<span style=""color:#B8860B;""><strong>[타지역출발]</strong></span>2025 미동부+캐나다+보스턴 9박10일 - 오후도착 - 푸른ONLY 나이아가라 2박",10,20235.76,8.0,0.0,0.0,-20235.76,-100.0,단종(작년만),4박+
SIN1636,"<span style=""color:#651e79;""><strong>[밴쿠버출발]</strong></span> 미동부+캐나다 7박8일 - 오전도착 - 푸른ONLY 나이아가라 2박",8,0.0,0.0,14012.5,7.0,14012.5,100.0,신규(올해만),4박+
SIN1651,"<span style=""color:#0000ff;""><strong>[전지역호텔]</strong></span>호텔 숙박, 차량",2,1862.0,5.0,0.0,0.0,-1862.0,-100.0,단종(작년만),1박
SIN1656,"<span style=""color:#B8860B;""><strong>[타지역출발]</strong></span> VIP버스와 떠나는 신 5대 국립공원+샌프란 7박8일 - 수요일 출발",8,43230.78,29.0,8774.0,6.0,-34456.78,-79.70427551850787,동시운영,4박+
SIN1656,"<span style=""color:#B8860B;""><strong>[타지역출발]</strong></span> VIP버스와 떠나는 신 5대 국립공원+샌프란8일 - 그랜드/자이언/브라이스캐년, 죠슈아,요세미티, 와이너리, 스탠포드",8,5483.969999999999,5.0,0.0,0.0,-5483.969999999999,-100.0,단종(작년만),4박+
SIN1672,"<span style=""color:#FF4500;""><strong>[뉴욕출발]</strong></span> [1년에 단 한 번] 2026 워싱턴 D.C. 벚꽃축제 당일관광",1,0.0,0.0,19368.0,196.0,19368.0,100.0,신규(올해만),당일
SIN1672,"<span style=""color:#FF4500;""><strong>[뉴욕출발]</strong></span>2025 워싱턴 벚꽃축제 당일관광",1,28430.0,227.0,0.0,0.0,-28430.0,-100.0,단종(작년만),당일
SIN1687,"<span style=""color:#042889;""><strong>[샌프란시스코출발]</strong></span> 요세미티+4대캐년 4박5일 (LAS OUT)",5,14827.6,16.0,14365.9,14.0,-461.7000000000007,-3.1137878011276316,동시운영,4박+
SIN1744,"<span style=""color:#FF4500;""><strong>[뉴욕출발]</strong></span> [2026년 메모리얼 특선]무한리필 메릴랜드 블루크랩과 아나폴리스 하버 당일관광",1,0.0,0.0,199.0,1.0,199.0,100.0,신규(올해만),당일
SIN1745,"<span style=""color:#FF4500;""><strong>[뉴욕출발]</strong></span>동부 최고의 휴양지 뉴포트 당일관광 ",1,450.0,3.0,0.0,0.0,-450.0,-100.0,단종(작년만),당일
SIN1763,"<span style=""color:#B8860B;""><strong>[타지역출발]</strong></span>[동계] 미서부 4대캐년미동부 캐나다 12일 뉴욕시티 투어",12,6615.12,2.0,0.0,0.0,-6615.12,-100.0,단종(작년만),4박+
SIN1790,"<span style=""color:#1E90FF;""><strong>[LA출발]</strong></span> VIP 버스로 떠나는 신 샌프란시스코_요세미티(와이너리+ 스텐포드 ) 3박4일 - 목요일 출발",4,19402.989999999998,27.0,0.0,0.0,-19402.989999999998,-100.0,단종(작년만),2~3박
SIN1796,"<span style=""color:#a800ff;""><strong>[인트라넷 only]</strong></span> (참좋은여행/YP) 단독/홈쇼핑 미서부 7박 9일",9,39037.0,29.0,0.0,0.0,-39037.0,-100.0,단종(작년만),4박+
SIN1814,"<span style=""color:#1E90FF;""><strong>[LA출발]</strong></span> VIP버스와 떠나는 신 4대 캐년+죠슈아 트리 3박 4일",4,9789.0,14.0,2746.0,4.0,-7043.0,-71.9481050158341,동시운영,2~3박
SIN1815,"<span style=""color:#B8860B;""><strong>[타지역출발]</strong></span> VIP버스와 떠나는 신 4대 캐년+죠슈아 트리 4박 5일",5,3507.91,3.0,4947.24,4.0,1439.33,41.030984261283784,동시운영,4박+
SIN1816,"<span style=""color:#B8860B;""><strong>[타지역출발]</strong></span> VIP 버스로 출발하는 신 샌프란시스코_요세미티 4박5일",5,0.0,0.0,1858.0,2.0,1858.0,100.0,신규(올해만),4박+
SIN1864,"<span style=""color:#014099;""><strong>[전지역출발]</strong></span> VIP 리무진 버스로 떠나는 애틀란타에서 마이애미까지: 문화와 바다의 대향연 5박6일 (수요일 출발) ATL IN/MCO OUT",6,32371.75,18.0,108794.03,51.0,76422.28,236.0770733741611,동시운영,4박+
SIN1865,"<span style=""color:#ed106c;""><strong>[애틀랜타출발]</strong></span> VIP 리무진 버스로 떠나는 애틀란타에서 마이애미까지: 문화와 바다의 대향연 5박6일 (목요일 출발) ATL IN/OUT  ",6,40450.0,25.0,5350.0,3.0,-35100.0,-86.77379480840544,동시운영,4박+
SIN1880,"<span style=""color:#FF4500;""><strong>[뉴욕출발]</span></strong><span style=""background-color:#ffff00;""><strong>[동계]</strong></span> I LOVE NEW YORK 시내관광 당일(01/05/2025까짖)",1,168.0,2.0,0.0,0.0,-168.0,-100.0,단종(작년만),당일
SIN1881,"<span style=""color:#FF4500;""><strong>[뉴욕출발]</strong></span><span style=""background-color:#ffff00;""><strong>[동계]</strong></span>뉴욕 시내 1일 더 보기(덤보, 베슬,하이라인파크, 첼시마켓)",1,796.0,4.0,398.0,2.0,-398.0,-50.0,동시운영,당일
SIN1882,"<span style=""color:#FF4500;""><strong>[뉴욕출발]</span></strong><span style=""background-color:#ffff00;""><strong>[동계]</strong></span> 보스턴 당일관광",1,435.0,2.0,0.0,0.0,-435.0,-100.0,단종(작년만),당일
SIN1882,"<span style=""color:#FF4500;""><strong>[뉴욕출발]</span></strong>[동계] 보스턴 당일관광",1,0.0,0.0,1046.97,5.0,1046.97,100.0,신규(올해만),당일
SIN1883,"<span style=""color:#FF4500;""><strong>[뉴욕출발]</span></strong>[동계] 워싱턴D.C 당일관광",1,0.0,0.0,676.0,3.0,676.0,100.0,신규(올해만),당일
SIN1885,"<span style=""color:#FF4500;""><strong>[뉴욕출발]</strong></span><span style=""background-color:#ffff00;""><strong>[동계]</strong></span> 워싱턴 아미쉬 1박2일",2,880.0,2.0,0.0,0.0,-880.0,-100.0,단종(작년만),1박
SIN1886,"<span style=""color:#FF4500;""><strong>[뉴욕출발]</span></strong><span style=""background-color:#ffff00;""><strong>[동계]</strong></span> 보스턴 1박2일",2,1672.0,4.0,0.0,0.0,-1672.0,-100.0,단종(작년만),1박
SIN1886,"<span style=""color:#FF4500;""><strong>[뉴욕출발]</span></strong>[동계] 보스턴 1박2일",2,0.0,0.0,1672.0,4.0,1672.0,100.0,신규(올해만),1박
SIN1887,"<span style=""color:#FF4500;""><strong>[뉴욕출발]</span></strong><span style=""background-color:#ffff00;""><strong>[동계]</strong></span> 푸른ONLY 나이아가라 2박3일",3,8894.0,14.0,1520.0,2.0,-7374.0,-82.90982684956151,동시운영,2~3박
SIN1888,"<span style=""color:#FF4500;""><strong>[뉴욕출발]</span></strong><span style=""background-color:#ffff00;""><strong>[동계]</strong></span> 미동부 3박4일 - 푸른ONLY 나이아가라 2박",4,8655.0,10.0,0.0,0.0,-8655.0,-100.0,단종(작년만),2~3박
SIN1888,"<span style=""color:#FF4500;""><strong>[뉴욕출발]</span></strong>[동계] 미동부 3박4일 - 푸른ONLY 나이아가라 2박",4,0.0,0.0,9145.0,11.0,9145.0,100.0,신규(올해만),2~3박
SIN1889,"<span style=""color:#FF4500;""><strong>[뉴욕출발]</span></strong><span style=""background-color:#ffff00;""><strong>[동계]</strong></span> 미동부/캐나다 4박5일-워싱턴제외 - 푸른ONLY 나이아가라 2박",5,14420.0,14.0,1575.0,1.0,-12845.0,-89.07766990291263,동시운영,4박+
SIN1889,"<span style=""color:#FF4500;""><strong>[뉴욕출발]</span></strong>[동계] 미동부/캐나다 4박5일-워싱턴제외 - 푸른ONLY 나이아가라 2박",5,0.0,0.0,20080.0,18.0,20080.0,100.0,신규(올해만),4박+
SIN1890,"<span style=""color:#FF4500;""><strong>[뉴욕출발]</span></strong><span style=""background-color:#ffff00;""><strong>[동계]</strong></span> 미동부/캐나다 5박6일 - 푸른ONLY 나이아가라 2박",6,22995.0,18.0,5818.75,5.0,-17176.25,-74.69558599695586,동시운영,4박+
SIN1890,"<span style=""color:#FF4500;""><strong>[뉴욕출발]</span></strong>[동계]미동부/캐나다 5박6일 - 푸른ONLY 나이아가라 2박",6,0.0,0.0,13495.0,10.0,13495.0,100.0,신규(올해만),4박+
SIN1891,"<span style=""color:#FF4500;""><strong>[뉴욕출발]</span></strong><span style=""background-color:#ffff00;""><strong>[동계]</strong></span> 미동부/캐나다/NYC 6박7일 - 푸른ONLY 나이아가라 2박 ",7,2900.0,2.0,0.0,0.0,-2900.0,-100.0,단종(작년만),4박+
SIN1891,"<span style=""color:#FF4500;""><strong>[뉴욕출발]</span></strong>[동계]미동부/캐나다/NYC 6박7일 - 푸른ONLY 나이아가라 2박 ",7,0.0,0.0,18000.0,13.0,18000.0,100.0,신규(올해만),4박+
SIN1893,"<span style=""color:#FF4500;""><strong>[뉴욕출발]</span></strong>[동계] 미동부/캐나다/보스톤 7박8일 - 푸른ONLY 나이아가라 2박",8,0.0,0.0,3578.0,2.0,3578.0,100.0,신규(올해만),4박+
SIN1894,"<span style=""color:#FF4500;""><strong>[뉴욕출발]</span></strong>[동계] 미동부/캐나다/보스톤/NYC 7박8일 - 워싱턴 제외 - 푸른ONLY 나이아가라 2박",8,0.0,0.0,3300.0,2.0,3300.0,100.0,신규(올해만),4박+
SIN1897,"<span style=""color:#B8860B;""><strong>[타지역출발]</strong></span><span style=""background-color:#ffff00;""><strong>[동계]</strong></span> 미동부 5박6일 - 오후도착 - 푸른ONLY 나이아가라 2박",6,9220.529999999999,5.0,8057.56,5.0,-1162.9699999999984,-12.612832451062994,동시운영,4박+
SIN1898,"<span style=""color:#651e79;""><strong>[밴쿠버출발]</strong></span><span style=""background-color:#ffff00;""><strong>[동계]</strong></span> 미동부 5박6일 - 오전도착 - 푸른ONLY 나이아가라 2박",6,0.0,0.0,3830.0,3.0,3830.0,100.0,신규(올해만),4박+
SIN1899,"<span style=""color:#B8860B;""><strong>[타지역출발]</strong></span><span style=""background-color:#ffff00;""><strong>[동계]</strong></span> 미동부+캐나다 7박8일 - 오전도착 - 푸른ONLY 나이아가라 2박",8,4649.92,2.0,0.0,0.0,-4649.92,-100.0,단종(작년만),4박+
SIN1899,"<span style=""color:#B8860B;""><strong>[타지역출발]</strong></span>[동계] 미동부+캐나다 7박8일 - 오전도착 - 푸른ONLY 나이아가라 2박",8,0.0,0.0,5845.0,3.0,5845.0,100.0,신규(올해만),4박+
SIN1900,"<span style=""color:#B8860B;""><strong>[타지역출발]</strong></span><span style=""background-color:#ffff00;""><strong>[동계]</strong></span> 미동부+캐나다 7박8일 - 오후도착 - 푸른ONLY 나이아가라 2박",8,8291.58,4.0,0.0,0.0,-8291.58,-100.0,단종(작년만),4박+
SIN1900,"<span style=""color:#B8860B;""><strong>[타지역출발]</strong></span>[동계] 미동부+캐나다 7박8일 - 오후도착 - 푸른ONLY 나이아가라 2박",8,0.0,0.0,4013.8,2.0,4013.8,100.0,신규(올해만),4박+
SIN1902,"<span style=""color:#B8860B;""><strong>[타지역출발]</strong></span>[동계] 미동부+캐나다+보스턴 9박10일 - 오전도착 - 푸른ONLY 나이아가라 2박",10,0.0,0.0,7766.0,3.0,7766.0,100.0,신규(올해만),4박+
SIN1903,"<span style=""color:#B8860B;""><strong>[타지역출발]</strong></span><span style=""background-color:#ffff00;""><strong>[동계]</strong></span> 미동부+캐나다+보스턴 9박10일 - 오후도착 - 푸른ONLY 나이아가라 2박",10,3900.0,2.0,0.0,0.0,-3900.0,-100.0,단종(작년만),4박+
SIN1929,"<span style=""color:#FF4500""><strong>[뉴욕출발]</span></strong> 2025 I LOVE NEW YORK 시내관광 당일",1,20099.88,104.0,0.0,0.0,-20099.88,-100.0,단종(작년만),당일
SIN1929,"<span style=""color:#FF4500""><strong>[뉴욕출발]</span></strong> I LOVE NEW YORK 시내관광 당일",1,0.0,0.0,18730.0,114.0,18730.0,100.0,신규(올해만),당일
SIN1930,"<span style=""color:#FF4500;""><strong>[뉴욕출발]</strong></span> 2025 뉴욕 시내 하루 더 보기(덤보, 베슬, 하이라인파크, 첼시마켓)",1,1194.0,6.0,0.0,0.0,-1194.0,-100.0,단종(작년만),당일
SIN1930,"<span style=""color:#FF4500;""><strong>[뉴욕출발]</strong></span> 뉴욕 시내 하루 더 보기(덤보, 베슬, 하이라인파크, 첼시마켓)",1,0.0,0.0,2955.0,15.0,2955.0,100.0,신규(올해만),당일
SIN1931,"<span style=""color:#FF4500;""><strong>[뉴욕출발]</strong></span> 워싱턴 루레이 1박2일",2,0.0,0.0,1760.0,4.0,1760.0,100.0,신규(올해만),1박
SIN1932,"<span style=""color:#FF4500;""><strong>[뉴욕출발]</strong></span> 2025 워싱턴 아미쉬 1박2일",2,880.0,2.0,0.0,0.0,-880.0,-100.0,단종(작년만),1박
SIN1944,"<span style=""color:#ed106c;""><strong>[애틀랜타출발]</strong></span> VIP 리무진 버스로 떠나는 애틀란타에서 마이애미까지: 문화와 바다의 대향연 4박5일 (목요일 출발) ATL IN/MCO OUT  ",5,0.0,0.0,3300.0,2.0,3300.0,100.0,신규(올해만),4박+
SIN1958,"<span style=""color:#1E90FF;""><strong>[서부지역출발]</strong></span> VIP 리무진 버스로 떠나는 애틀란타에서 마이애미까지: 문화와 바다의 대향연 5박7일 (화요일 출발) ATL IN/MCO OUT",7,27799.58,14.0,0.0,0.0,-27799.58,-100.0,단종(작년만),4박+
SIN1991,"<span style=""color:#DF0174;""><strong>[LAS출발]</strong></span> 4대캐년 2박3일 (LAS IN/LA OUT 수요일 출발)",3,1298.0,2.0,4573.0,7.0,3275.0,252.31124807395994,동시운영,2~3박
SIN2006,"<span style=""color:#a800ff;""><strong>[인트라넷 only]</strong></span>[동계] 미동부/캐나다 6박7일-워싱턴제외 - 푸른ONLY 나이아가라 2박",7,8980.0,7.0,0.0,0.0,-8980.0,-100.0,단종(작년만),4박+
SIN2033,"<span style=""color:#FF4500;""><strong>[뉴욕출발]</span></strong><span style=""background-color:#ffff00;""><strong>[동계]</strong></span> I LOVE NEW YORK 시내관광 당일",1,1540.0,9.0,915.0,5.0,-625.0,-40.58441558441558,동시운영,당일
SIN2033,"<span style=""color:#FF4500;""><strong>[뉴욕출발]</span></strong><span style=""background-color:#ffff00;""><strong>[동계]</strong></span> I LOVE NEW YORK 시내관광 당일(1/6/2025부터)",1,13560.0,77.0,0.0,0.0,-13560.0,-100.0,단종(작년만),당일
SIN2033,"<span style=""color:#FF4500;""><strong>[뉴욕출발]</span></strong>[동계] I LOVE NEW YORK 시내관광 당일",1,0.0,0.0,10035.86,63.0,10035.86,100.0,신규(올해만),당일
SIN2041,"<span style=""color:#1E90FF;""><strong>[LA출발]</strong></span>[하계] 미서부 4대캐년 미동부 뉴욕시티 10일",10,0.0,0.0,11677.76,4.0,11677.76,100.0,신규(올해만),4박+
SIN2046,"<span style=""color:#FF4500;""><strong>[뉴욕출발]</span></strong>[나이아가라 2박] 미동부+캐나다+보스턴+NYC 8박9일",9,0.0,0.0,7400.0,4.0,7400.0,100.0,신규(올해만),4박+
SIN2047,"<span style=""color:#36b924;""><strong>[시애틀출발]</strong></span> 레벤워스 당일 투어",1,760.0,4.0,0.0,0.0,-760.0,-100.0,단종(작년만),당일
SIN2050,"<span style=""color:#FF4500;""><strong>[뉴욕출발]</span></strong> 미동부/캐나다/NYC 5박6일-워싱턴제외 - 푸른ONLY 나이아가라 2박",6,0.0,0.0,11068.64,6.0,11068.64,100.0,신규(올해만),4박+
SIN2050,"<span style=""color:#FF4500;""><strong>[뉴욕출발]</span></strong>2025 미동부/캐나다/NYC 5박6일-워싱턴제외 - 푸른ONLY 나이아가라 2박",6,5000.0,4.0,0.0,0.0,-5000.0,-100.0,단종(작년만),4박+
SIN2052,"<span style=""color:#a800ff;""><strong>[인트라넷 only]</strong></span>★롯데관광 단독★ 맛있는 음식과 산책이 있는 꽉찬 미동부 캐나다 8박10일",9,36630.0,24.0,0.0,0.0,-36630.0,-100.0,단종(작년만),4박+
SIN2052,"<span style=""color:#a800ff;""><strong>[인트라넷 only]</strong></span>★롯데관광 단독★ 맛있는 음식과 산책이 있는 꽉찬 미동부 캐나다 8박9일",9,115143.0,69.0,503642.0,770.0,388499.0,337.40566078702136,동시운영,4박+
SIN2062,"<span style=""color:#a800ff;""><strong>[인트라넷 only]</strong></span>[동부] 상품권",1,510.0,1.0,1500.0,1.0,990.0,194.11764705882354,동시운영,당일
SIN2069,"<span style=""color:#014099;""><strong>[전지역출발]</strong></span> AMERICA, THE BEAUTIFUL! 4박5일 (콜로라도 & 사우스다코타 & 와이오밍)",5,11939.94,6.0,0.0,0.0,-11939.94,-100.0,단종(작년만),4박+
SIN2080,"<span style=""color:#1E90FF;""><strong>[LA출발]</strong></span>샌디에고 ZOO 사파리파크",1,4950.0,50.0,0.0,0.0,-4950.0,-100.0,단종(작년만),당일
SIN2087,"<span style=""color:#ed106c;""><strong>[애틀랜타출발]</strong></span> 깁스 가든 조지아 봄맞이 꽃구경 당일",1,6531.0,48.0,0.0,0.0,-6531.0,-100.0,단종(작년만),당일
SIN2088,"<span style=""color:#36b924;""><strong>[시애틀출발]</strong></span> 시애틀 당일 시내관광",1,0.0,0.0,895.0,5.0,895.0,100.0,신규(올해만),당일
SIN2089,"<span style=""color:#1E90FF;""><strong>[LA출발]</strong></span>캘리포니아 오렌지 일일투어",1,594.0,6.0,0.0,0.0,-594.0,-100.0,단종(작년만),당일
SIN2090,"<span style=""color:#36b924;""><strong>[시애틀출발]</strong></span> 포틀랜드 당일 투어",1,0.0,0.0,418.0,2.0,418.0,100.0,신규(올해만),당일
SIN2091,"<span style=""color:#36b924;""><strong>[시애틀출발]</strong></span> 밴쿠버 당일 투어",1,0.0,0.0,986.0,4.0,986.0,100.0,신규(올해만),당일
SIN2092,"<span style=""color:#36b924;""><strong>[시애틀출발]</strong></span> 레이니어 국립공원 당일 투어",1,1145.0,5.0,418.0,2.0,-727.0,-63.493449781659386,동시운영,당일
SIN2095,"<span style=""color:#a800ff;""><strong>[인트라넷 only]</strong></span>★모두투어 단독★ 일반 미동캐 8박10일",10,0.0,0.0,477405.0,274.0,477405.0,100.0,신규(올해만),4박+
SIN2125,"<span style=""color:#014099;""><strong>[전지역출발]</strong></span> 2025 제 24차 고품격 프리미엄  미남부 대륙횡단 대장정 17일",17,0.0,0.0,19000.0,2.0,19000.0,100.0,신규(올해만),4박+
SIN2131,"<span style=""color:#B8860B;""><strong>[타지역출발]</strong></span>창조의 신비와 만나는 애틀랜타 - 노아의 방주 4일",4,2798.0,2.0,0.0,0.0,-2798.0,-100.0,단종(작년만),2~3박
SIN2132,"<span style=""color:#1E90FF;""><strong>[LA출발]</strong></span>샌디에고 기차 당일 여행",1,0.0,0.0,720.0,6.0,720.0,100.0,신규(올해만),당일
SIN2134,"<span style=""color:#1E90FF;""><strong>[LA출발]</strong></span>여유를 찾는 하루, 오하이 당일 투어",1,0.0,0.0,3375.0,24.0,3375.0,100.0,신규(올해만),당일
SIN2142,"<span style=""color:#36b924;""><strong>[시애틀출발]</strong></span> 2026 라벤더 페스티벌 당일 관광",1,0.0,0.0,398.0,4.0,398.0,100.0,신규(올해만),당일
SIN2230,"<span style=""color:#1fc3c5;""><strong>[달라스출발]</strong></span> 블루보넷(BlueBonnet) 당일 투어",1,0.0,0.0,4407.0,33.0,4407.0,100.0,신규(올해만),당일
SIN2277,"<span style=""color:#a800ff;""><strong>[인트라넷 only]</strong></span>[서부] DB하이텍",1,0.0,0.0,854.97,3.0,854.97,100.0,신규(올해만),당일
SIN2283,"<span style=""color:#a800ff;""><strong>[인트라넷 only]</strong></span> 롯데관광 단독 VIP 리무진 미서부 7박 10일",10,0.0,0.0,237769.0,170.0,237769.0,100.0,신규(올해만),4박+
SIN2344,"<span style=""color:#a800ff;""><strong>[인트라넷 only]</strong></span>[2/21 OC 출발]손흥민 대 메시 빅매치 당일",1,0.0,0.0,5850.0,21.0,5850.0,100.0,신규(올해만),당일
SIN2345,"<span style=""color:#a800ff;""><strong>[인트라넷 only]</strong></span>[2/21 타주 출발]손흥민 대 메시 빅매치 호텔추가 1박2일",2,0.0,0.0,0.0,10.0,0.0,0.0,동시운영,1박
SIN2394,"<span style=""color:#a800ff;""><strong>[인트라넷 only]</strong></span>★한진관광 단독★ 리틀프랑스 미동캐 8박 10일",10,0.0,0.0,1616.0,8.0,1616.0,100.0,신규(올해만),4박+
SIN2401,"<span style=""color:#DF0174;""><strong>[LAS출발]</strong></span>4대캐년+옐로스톤 5박6일 - 화요일 출발 (LAS IN/SLC OUT)",6,0.0,0.0,4406.5,2.0,4406.5,100.0,신규(올해만),4박+
SIN2402,"<span style=""color:#DF0174;""><strong>[LAS출발]</strong></span>7대캐년+세도나+옐로스톤 6박7일 - 월요일 출발 (LAS IN/SLC OUT)",7,0.0,0.0,3258.0,2.0,3258.0,100.0,신규(올해만),4박+
SIN2412,"<span style=""color:#a800ff;""><strong>[인트라넷 only]</strong></span>LA 다저스 경기 1회 + 호텔추가 1박 2일",2,0.0,0.0,2900.0,11.0,2900.0,100.0,신규(올해만),1박
SIN2417,"<span style=""color:#a800ff;""><strong>[인트라넷 only]</strong></span>LA FC 경기 1회 + 호텔추가 1박 2일",2,0.0,0.0,0.0,3.0,0.0,0.0,동시운영,1박
SIN2454,"<span style=""color:#1E90FF;""><strong>[전지역 출발]</strong></span> 중국비자 대행 비용",1,0.0,0.0,1200.0,4.0,1200.0,100.0,신규(올해만),당일
SIN2458,"<span style=""color:#0000ff;""><strong>[단체일일관광]</strong></span> 2026년 7월 26일 재미한국학교협의회 학술대회",1,0.0,0.0,450.0,3.0,450.0,100.0,신규(올해만),당일
SIN2458,"<span style=""color:#014099;""><strong>[전지역출발]</strong></span> 2026년 7월 26일 재미한국학교회의회 학술대회",1,0.0,0.0,750.0,5.0,750.0,100.0,신규(올해만),당일
SIN2459,"<span style=""color:#1E90FF;""><strong>[LA출발]</strong></span>세인트 조지와 자이언 캐년 2박3일",3,0.0,0.0,998.0,2.0,998.0,100.0,신규(올해만),2~3박
SIN2462,"<span style=""color:#FF4500;""><strong>[뉴욕출발]</strong></span>[2026년 메모리얼 특선] 동부 최고의 휴양지 뉴포트 당일관광",1,0.0,0.0,400.0,4.0,400.0,100.0,신규(올해만),당일
SIN2464,"<span style=""color:#B8860B;""><strong>[타지역출발]</strong></span> 미동부+캐나다 6박7일 - 오후 도착 (워싱턴제외)",7,0.0,0.0,4483.6,2.0,4483.6,100.0,신규(올해만),4박+
SIN515,"<span style=""color:#1E90FF;""><strong>[LA출발]</strong></span> 비숍 단풍투어 1박2일",2,1456.0,4.0,798.0,2.0,-658.0,-45.19230769230769,동시운영,1박
SIN548,"<span style=""color:#DF0174;""><strong>[LAS출발]</strong></span> 7대캐년+세도나 2박 3일(LAS IN/LAS OUT)",3,16134.0,26.0,1298.0,2.0,-14836.0,-91.95487789760753,동시운영,2~3박
SIN560,"<span style=""color:#DF0174;""><strong>[LAS출발]</strong></span> 불의계곡 당일투어",1,596.0,2.0,0.0,0.0,-596.0,-100.0,단종(작년만),당일
SIN577,"<span style=""color:#DF0174;""><strong>[LAS출발]</strong></span> 7대캐년+세도나 5일 (LAS IN/LA OUT)",5,0.0,0.0,3796.0,4.0,3796.0,100.0,신규(올해만),4박+
SIN717,"<span style=""color:#1fc3c5;""><strong>[달라스출발]</strong></span> 론스타의 도시 달라스 당일 투어",1,0.0,0.0,2940.0,12.0,2940.0,100.0,신규(올해만),당일
SIN717,"<span style=""color:#1fc3c5;""><strong>[달라스출발]</strong></span>론스타의 도시 달라스 당일투어",1,1416.0,6.0,800.0,4.0,-616.0,-43.50282485875706,동시운영,당일
SIN922,"<span style=""color:#DF0174;""><strong>[LAS출발]</strong></span> 4대캐년 3박4일 (LAS IN/LA OUT)",4,1348.0,2.0,2177.0,3.0,829.0,61.49851632047477,동시운영,2~3박
SIN997,"<span style=""color:#B8860B;""><strong>[타지역출발]</strong></span> 7대캐년 세도나+샌프란시스코 요세미티 8박9일",9,19677.99,14.0,0.0,0.0,-19677.99,-100.0,단종(작년만),4박+
SIN997,"<span style=""color:#B8860B;""><strong>[타지역출발]</strong></span> 7대캐년+세도나+요세미티+샌프란시스코 8박9일- 일요일 출발",9,8511.88,4.0,20683.2,11.0,12171.320000000002,142.99214744568772,동시운영,4박+
SINSVC001,각종 대행 서비스,1,80.0,4.0,2780.0,7.0,2700.0,3375.0,동시운영,당일
